num_critic_for_reviews,gross,movie_title,num_voted_users,num_user_for_reviews,imdb_score,movie_facebook_likes
205,611709,Le Havre ,15267,41,7.2,0
133,29580087,Did You Hear About the Morgans? ,29523,121,4.7,0
2,31662,Operation Chromite ,90,1,6.8,139
85,45661,Shotgun Stories ,7148,32,7.3,773
139,42365600,Time Bandits ,45890,177,7,0
146,2849142,Things We Lost in the Fire ,24104,88,7.2,0
56,8406264,Pushing Tin ,24826,175,6,783
48,32101000,The Lawnmower Man ,27800,96,5.4,0
110,56702901,A Civil Action ,23302,181,6.5,1000
22,115504,The Other End of the Line ,4820,26,6.2,0
79,3287435,Thirteen Conversations About One Thing ,8603,115,7.1,430
108,21468807,Urban Legends: Final Cut ,13048,227,4.1,243
168,8579684,Death at a Funeral ,89547,199,7.4,0
220,17508670,Notes on a Scandal ,64625,281,7.4,0
106,22406362,The Alamo ,16832,267,6,701
50,14095303,Maximum Risk ,15814,68,5.4,503
51,155972,The Bubble ,4702,23,7.3,0
135,13395939,Alfie ,43442,146,6.2,0
61,24705,The Exploding Girl ,1516,10,6.3,377
65,12189514,Chasing Liberty ,30092,129,6.1,0
49,1789892,Clay Pigeons ,9494,109,6.6,515
196,39511038,The Texas Chainsaw Massacre: The Beginning ,56269,366,5.9,0
127,38120554,Treasure Planet ,71527,217,7.1,0
104,22433915,City by the Sea ,21319,166,6.2,416
118,50818750,The Tale of Despereaux ,31209,106,6.1,0
106,106869,Escobar: Paradise Lost ,13762,39,6.6,0
66,21088568,Tales from the Crypt: Demon Knight ,16646,104,6.7,0
264,51527787,My Bloody Valentine ,45603,268,5.5,0
160,14637490,My Soul to Take ,16411,136,4.8,0
43,9123834,Peeples ,4065,33,5.3,0
35,3123749,Boynton Beach Club ,746,27,6.5,88
70,2899970,Cradle Will Rock ,8039,161,6.9,625
162,26687172,Winnie the Pooh ,15600,55,7.3,0
15,4350774,PCU ,10476,52,6.5,0
194,13823741,The Duchess ,61777,140,6.9,0
41,22551000,Much Ado About Nothing ,37269,165,7.4,0
23,352684,Khiladi 786 ,4633,31,4.3,365
51,900926,The Brothers Solomon ,9517,46,5.3,319
16,140987,Free Style ,361,4,4.2,58
46,535249,The Virginity Hit ,3467,13,4.6,974
81,5308707,Made ,15053,165,6.4,393
3,243768,The Legend of God's Gun ,143,9,4.1,13
113,19406406,Oceans ,7630,42,7.8,0
38,325491,City of Ghosts ,4387,67,6,204
89,85416609,The SpongeBob SquarePants Movie ,58906,186,7,0
78,58297830,Anastasia ,86347,191,7.1,0
58,13592872,The Ladies Man ,10777,79,5.1,671
85,28165882,The Prince and Me ,31984,154,5.9,0
84,1029017,A Home at the End of the World ,12049,135,6.8,1000
110,7022940,Kissing Jessica Stein ,14018,190,6.7,682
70,54967359,Spawn ,52805,209,5.2,0
121,62700000,Moonraker ,69534,294,6.3,0
84,274661,Taxi to the Dark Side ,10564,40,7.7,0
152,58715510,Bride Wars ,79094,129,5.4,0
136,31874869,Murder by Numbers ,43575,302,6.1,0
101,17596256,Furry Vengeance ,12399,84,3.8,0
136,31874869,Murder by Numbers ,43574,302,6.1,0
140,578382,All Good Things ,41249,67,6.3,0
116,40334024,Heartbreakers ,44168,216,6.2,989
40,1181197,Slow Burn ,3299,24,5.9,191
67,6851636,200 Cigarettes ,13010,182,5.9,0
109,353743,Buffalo Soldiers ,20730,111,6.9,664
152,2912363,Tsotsi ,25063,177,7.3,0
8,8231,Pink Narcissus ,803,16,6.7,85
115,1243961,"For a Good Time, Call... ",13421,34,6,0
98,26288320,Sinbad: Legend of the Seven Seas ,36144,91,6.7,880
116,864959,Mirrormask ,20275,151,6.9,0
76,61112916,The Shaggy Dog ,14888,83,4.4,747
8,29392418,A Low Down Dirty Shame ,3924,26,5.8,368
224,1818681,Harry Brown ,74435,224,7.2,0
80,48423368,Return to Never Land ,13324,79,5.8,302
200,136432,Severance ,31890,194,6.6,0
183,1304837,The Good German ,21481,175,6.1,559
113,10996440,The Astronaut Farmer ,19707,128,6.3,862
196,24407944,Elektra ,71202,380,4.8,0
105,8355815,Death to Smoochy ,34730,341,6.4,0
30,220234,Ira & Abby ,1950,24,6.5,360
134,3108216,Our Kind of Traitor ,2587,21,6.4,0
27,3060858,Malone ,1768,37,5.6,208
117,38966057,Primary Colors ,23940,157,6.7,688
137,51768623,Finding Forrester ,73006,297,7.3,0
32,536767,20 Dates ,1622,83,5.3,30
177,22331028,Project Almanac ,57349,177,6.4,0
75,65000000,The American President ,43027,214,6.8,0
83,65500000,Witness ,66966,175,7.4,0
68,3064356,Sunshine State ,3433,81,6.9,160
52,6543194,I Dreamed of Africa ,3740,61,5.6,314
83,28873374,One Direction: This Is Us ,22161,68,4.1,0
79,34099640,My Dog Skip ,16651,149,7,0
127,1987287,Oliver Twist ,25474,138,6.9,0
32,29200000,The Rose ,6142,52,6.9,1000
13,428535,Luminarias ,505,32,3.6,24
161,67061228,The Bounty Hunter ,96565,135,5.5,0
32,9109322,Superbabies: Baby Geniuses 2 ,25371,129,1.9,0
27,2246000,Courage ,2302,20,7,0
135,24185781,Hearts in Atlantis ,30339,268,6.9,0
106,5755286,Lucky You ,18310,63,5.9,672
145,449558,The Damned United ,32307,75,7.6,0
115,274385,Soul Kitchen ,29203,26,7.3,0
112,2706659,The History Boys ,17770,172,6.9,0
70,16290976,Muppets from Space ,14637,100,6.2,619
55,22326247,At First Sight ,11232,106,5.9,0
140,298110,Fido ,25055,98,6.8,0
93,67155742,Dante's Peak ,62271,277,5.8,0
38,206400,Alias Betty ,1439,26,6.9,26
34,528972,Earth ,5639,55,7.8,522
17,7826,Certifiably Jonathan ,132,2,6.2,87
9,902835,American Desi ,1489,40,6.7,133
141,317125,Adore ,23334,87,6.2,0
106,2365931,Buffalo '66 ,36657,318,7.5,0
100,621240,Ajami ,4999,32,7.4,0
23,1977544,The Incredibly True Adventure of Two Girls in Love ,3513,36,6.5,423
75,13558739,Tomcats ,15427,121,5.3,449
110,42640890,Because I Said So ,32412,184,5.6,0
40,5355847,October Baby ,6110,82,6.8,0
143,469947,Weekend ,19846,68,7.7,0
,23616,Arnolds Park ,94,4,5.6,11
262,3958500,Mr. Turner ,17933,165,6.8,0
40,17278980,Half Baked ,48225,164,6.7,0
44,11466088,Turbulence ,8983,84,4.7,316
60,181798,The Flower of Evil ,2591,36,6.6,52
48,4142507,Whipped ,3665,81,4.4,131
97,30222640,Honey ,36666,144,5.3,0
165,4857376,"Paris, je t'aime ",63084,123,7.3,0
138,87704396,Entrapment ,88132,274,6.2,0
29,9628751,Digimon: The Movie ,5164,65,5.9,207
21,375474,The Game of Their Lives ,2613,46,6.2,445
103,1043487,Velvet Goldmine ,27766,314,7,0
65,16247775,The Perfect Man ,23527,104,5.5,767
121,21078145,Antwone Fisher ,26493,159,7.3,0
11,1111,The Trials of Darryl Hunt ,771,10,7.7,246
22,10769960,Gettysburg ,21940,256,7.7,0
59,10556196,Mad City ,16562,73,6.2,697
61,30306268,Assassins ,62981,84,6.3,0
90,33864342,Mickey Blue Eyes ,29968,117,5.8,445
41,444354,Clockwatchers ,4049,111,6.4,166
37,34308901,Malibu's Most Wanted ,15939,87,5.1,0
222,4440055,Bright Star ,21360,110,7,0
9,2850263,Airborne ,5061,70,6.2,0
32,9975684,Dirty Work ,20033,117,6.4,679
35,1687311,Tango ,2412,40,7.2,539
63,33423521,Street Fighter ,53115,282,3.8,0
171,43097652,No Reservations ,59068,128,6.3,0
132,41523271,Bandits ,57038,261,6.6,0
186,6167817,A Very Long Engagement ,62607,239,7.7,0
103,31585300,The Wedding Date ,38248,250,6.1,0
16,700000,Les visiteurs ,24438,78,7,0
26,883887,Princess Kaiulani ,1201,14,6.2,0
95,33927476,The Relic ,19176,165,5.7,956
25,978908,Thr3e ,4057,90,5.1,250
34,19900000,Vampire in Brooklyn ,17262,53,4.5,1000
41,1046166,Undiscovered ,2599,45,4.2,128
96,21005329,Van Wilder: Party Liaison ,89128,258,6.4,0
48,27445,Salvation Boulevard ,3788,31,5.3,1000
136,6923891,Take Me Home Tonight ,43867,83,6.3,0
74,1282084,Jesus' Son ,6221,87,7,500
93,19447478,Valiant ,15788,80,5.6,538
5,33598,"I Love You, Don't Touch Me! ",405,15,5.4,97
167,13248477,Case 39 ,60555,174,6.2,0
116,75367693,Garfield ,58961,232,5,795
94,1172769,Find Me Guilty ,28068,108,7.1,0
152,25799043,The Lazarus Effect ,28513,126,5.2,0
42,36000000,The Robe ,6359,69,6.8,0
152,19976073,Assault on Precinct 13 ,65979,220,6.3,999
121,25871834,Superhero Movie ,52052,173,4.5,0
207,59588068,Gothika ,89557,376,5.8,0
182,3519627,The Brothers Bloom ,41737,105,6.9,0
84,8044906,Mad Hot Ballroom ,3156,65,7.5,588
160,10105505,Swimming Pool ,35065,288,6.8,0
91,39251128,Anna and the King ,31080,217,6.7,0
97,23650000,The Best Years of Our Lives ,40359,235,8.1,0
120,40932372,The Siege ,58023,281,6.3,0
9,2209479,The Christmas Candle ,844,34,5.8,962
155,2708188,Chéri ,8924,43,6.2,0
80,1309849,Nicholas Nickleby ,9395,103,7.2,0
86,1293295,Dogtown and Z-Boys ,10366,88,7.7,0
85,377420,Coming Home ,2789,20,7.3,0
16,240425,"Gandhi, My Father ",1311,25,7.4,133
118,183662,Little White Lies ,18395,48,7.1,0
105,51185897,The Living Daylights ,69457,271,6.7,0
98,33643461,Marmaduke ,11257,65,4.2,0
198,71148699,The Spiderwick Chronicles ,68935,125,6.6,0
76,38536376,Spy Kids: All the Time in the World in 4D ,15866,83,3.6,0
68,354704,Prison ,2705,38,5.9,314
12,9658370,The Perfect Match ,1180,9,4.5,740
130,90820,Carriers ,35510,119,6,0
4,2024854,The Work and the Glory II: American Zion ,564,21,6.6,19
7,4074023,Sea Rex 3D: Journey to a Prehistoric World ,296,4,6.9,89
20,10555348,We're No Angels ,17349,42,6,855
104,72755517,Jackass Number Two ,56595,196,7.1,641
81,8134217,Cadillac Records ,15412,90,7,0
86,14448589,Life or Something Like It ,19364,128,5.8,835
111,6830957,Moonlight Mile ,11983,147,6.7,365
29,41067398,Money Talks ,22748,41,6.1,666
74,2276368,Riding Giants ,3849,37,7.9,0
25,5694308,Who's Your Caddy? ,13815,46,2,446
12,19281235,House Party 2 ,3571,11,5.1,232
95,26494611,Blast from the Past ,48621,239,6.6,0
59,48114556,Fat Albert ,9380,91,4.3,531
99,617228,I Served the King of England ,6183,27,7.4,1000
51,12372410,Ready to Rumble ,11709,101,5.3,650
44,90485233,Madea Goes to Jail ,9544,45,4.1,804
51,32800000,Striptease ,34896,118,4.3,877
86,9589875,The Express ,16673,45,7.3,0
27,56007,Harvard Man ,3754,69,4.9,113
78,37606,Defendor ,31836,90,6.8,0
118,55747724,Free Birds ,18042,73,5.9,0
63,16574731,54 ,27675,181,5.8,0
12,27012,Redemption Road ,440,9,5.9,279
83,10106233,Prom ,12702,32,5.4,0
122,1247453,Tristram Shandy: A Cock and Bull Story ,11202,123,6.8,750
136,17804273,The Contender ,20449,370,7,1000
93,16088610,Imagine That ,10417,39,5.6,610
106,3525161,Blood and Chocolate ,15388,190,5.5,0
95,22434,The Last Big Thing ,334,17,6.9,43
178,80360866,Zookeeper ,44662,127,5.2,0
110,1523883,Murderball ,9037,70,7.8,0
232,1487477,Night Watch ,47097,310,6.5,0
10,7557877,The Jerky Boys ,2129,37,4.6,138
123,15126948,Halloween: The Curse of Michael Myers ,20815,335,4.9,0
167,41814863,Exorcist: The Beginning ,28635,308,5.1,893
70,3034181,The Guru ,13622,128,5.4,550
72,70360285,Mortal Kombat ,81783,283,5.8,0
129,63600000,Thunderball ,82073,275,7,0
80,20763013,Jaws: The Revenge ,30840,383,2.8,0
161,5824,Eden Lake ,57811,357,6.8,0
212,3766595,The Class ,29248,86,7.5,0
129,221210,World's Greatest Dad ,31964,129,6.9,0
16,49851591,Legal Eagles ,7900,34,5.9,263
110,480314,DOA: Dead or Alive ,38503,180,4.8,0
20,10070000,Mrs. Winterbourne ,5668,50,6.2,491
57,27052167,The Big Hit ,24834,168,6.1,934
201,6610326,The Savages ,32188,127,7.2,0
76,12181484,Envy ,26390,176,4.8,713
34,13801755,The Man Who Knew Too Little ,23928,100,6.6,0
43,20200,Song One ,6797,21,5.8,0
248,33313582,The Informant! ,52888,175,6.5,0
85,671240,Imagine Me & You ,23023,149,6.9,0
116,46495,Margaret ,12053,119,6.5,0
49,792966,The Toxic Avenger Part II ,4663,40,5.1,321
101,34703228,Take the Lead ,21767,127,6.7,0
85,4414535,Hamlet ,30618,224,7.8,0
31,3293258,Pootie Tang ,11399,131,5.2,0
126,603943,Mean Creek ,26407,154,7.3,1000
4,1711,The Looking Glass ,82,1,6.6,175
98,17324744,Just My Luck ,44103,149,5.3,0
226,40168080,Legion ,80870,315,5.2,0
9,17382982,Addicted ,5975,33,5.2,0
29,8600000,The Bounty ,17982,95,7,1000
112,152857,Welcome to the Rileys ,19979,56,7,0
159,278821,Life During Wartime ,5465,37,6.5,0
10,2119994,The Nutcracker ,1153,15,5.7,238
64,32095318,What's the Worst That Could Happen? ,12466,84,5.5,304
128,17071230,Small Time Crooks ,31169,192,6.7,812
10,21199,Born to Fly: Elizabeth Streb vs. Gravity ,40,10,6.8,44
153,7156725,American Dreamz ,22639,217,5.5,300
64,3100650,Soul Survivors ,7277,181,3.9,231
44,13264986,American Outlaws ,12077,162,6,433
116,7496522,The Curse of the Jade Scorpion ,31798,178,6.8,826
104,67962333,Guess Who ,33887,160,5.9,919
248,373060,Fish Tank ,47385,112,7.3,0
53,37600435,First Knight ,55350,180,5.9,0
88,3895664,L'auberge espagnole ,34383,149,7.3,0
144,5542025,For Your Consideration ,12197,150,6.3,650
1,333658,Marilyn Hotchkiss' Ballroom Dancing and Charm School ,97,2,7.1,16
16,872643,Ta Ra Rum Pum ,2909,37,5.4,108
91,41229,Blood Ties ,14612,41,6.5,0
64,12398628,Undisputed ,21542,88,6.1,977
81,15464026,Loser ,23076,158,5.3,1000
112,15935068,Jason Goes to Hell: The Final Friday ,19331,317,4.3,949
12,174682,The Business of Fancydancing ,460,14,6.9,96
75,6471394,The Big Bounce ,15880,93,4.9,288
38,1027119,Urbania ,2742,73,7,72
32,13829734,Highlander: The Final Dimension ,16194,79,4.3,319
91,19179969,Beerfest ,54710,177,6.3,0
169,9639242,I Don't Know How She Does It ,16437,68,4.9,0
71,9059588,Dark Blue ,17261,125,6.6,455
24,12438,Nothing But a Man ,891,26,8.1,363
18,4308981,Meet the Deedles ,2265,37,3.9,839
97,37882551,Not Another Teen Movie ,80305,393,5.7,0
34,12793213,Mystic Pizza ,18286,73,6.2,0
64,4595000,Little Voice ,13892,160,7,915
166,10268846,Whiteout ,31918,142,5.5,0
29,15447,An Alan Smithee Film: Burn Hollywood Burn ,2971,85,3.5,89
40,144431,Once in a Lifetime: The Extraordinary Story of the New York Cosmos ,1290,13,7.3,587
5,3105269,Compadres ,368,8,5,174
10,1165104,Housefull ,8598,43,5.3,250
136,7691700,Sarah's Key ,12937,73,7.5,0
95,5204007,Formula 51 ,42876,167,6.3,0
121,75764085,The Family Man ,85844,322,6.7,0
111,14131298,The Messenger: The Story of Joan of Arc ,55889,390,6.4,0
117,750100,Palo Alto ,19752,61,6.3,0
31,59847242,My Girl ,55895,115,6.8,0
34,10400000,The Scarlet Letter ,12037,90,5.1,943
103,16346122,White Oleander ,25549,171,7.2,0
149,20772796,Whale Rider ,34232,346,7.6,0
33,21370057,Raising Cain ,9903,80,6,541
37,418953,Killing Zoe ,17322,93,6.5,853
85,17311,The Dead Girl ,12304,73,6.7,799
83,30050028,Road House ,42987,201,6.5,0
91,3222857,Water ,12560,147,7.8,0
129,6852144,Willard ,15169,213,6.2,0
126,23360779,Reindeer Games ,31113,212,5.7,852
112,90636983,The Game Plan ,44021,83,6.2,0
39,11827301,Breakin' All the Rules ,4247,26,5.5,266
92,16017403,O ,17333,153,6.2,0
31,13052741,Ghosts of Mississippi ,8531,57,6.7,591
105,1127331,Osama ,7559,77,7.4,0
9,703,The Jimmy Show ,480,21,5.4,47
15,13854000,My Stepmother Is an Alien ,21079,55,5.2,818
49,14375181,Ishtar ,8692,126,4.2,754
95,14000000,Creepshow 2 ,15956,118,6,1000
251,7774730,Slither ,61912,352,6.5,0
186,10137232,Domino ,58015,374,6,0
90,57651794,The Benchwarmers ,40651,209,5.6,0
137,11642254,Halloween 5 ,22929,287,5.2,926
43,617172,Trekkies ,4407,75,7,672
193,7501404,Barney's Version ,21086,87,7.3,0
41,3101301,Supercross ,3926,38,4,353
55,57176582,Next Friday ,27492,84,6.1,0
124,992238,My Summer of Love ,16349,103,6.8,869
19,821997,Déjà Vu ,666,40,7,91
191,31990064,Paper Towns ,63390,160,6.4,0
18,20186,L!fe Happens ,6025,15,5.7,995
81,26161406,Ramona and Beezus ,13874,52,6.7,0
15,2507106,Grace Unplugged ,2561,21,6.1,0
50,19693891,Summer Catch ,12993,107,4.9,476
34,22717758,The Magic Sword: Quest for Camelot ,11156,67,6.2,0
36,146083,The Land Girls ,1591,27,6.3,75
43,728,Out of the Blue ,2776,22,7.3,285
58,120620,It's All Gone Pete Tong ,16828,67,7.4,0
23,16153600,Mo' Better Blues ,8295,30,6.5,720
91,21569041,Black or White ,8058,57,6.6,0
90,1071240,When Did You Last See Your Father? ,3571,34,6.9,429
37,7059537,Phat Girlz ,8279,101,3,837
65,50668906,The Hurricane ,76016,265,7.6,0
121,434417,Savage Grace ,8867,65,5.9,0
54,2964,Vamps ,7444,42,5.1,0
81,16295774,Howard the Duck ,33669,269,4.6,0
105,33105600,I Spy ,41663,141,5.4,531
198,40076438,Righteous Kill ,73368,248,6,0
65,766487,The Ten ,15315,117,5,915
255,26297,Kill List ,25750,209,6.3,0
151,7948159,Punisher: War Zone ,48999,280,6,0
26,36497,"Surfer, Dude ",7367,37,4.7,850
62,6712451,Town & Country ,4102,89,4.4,53
53,13300000,Woodstock ,12631,63,8.1,0
46,371081,House of D ,7479,86,7,857
27,50003300,Little Women ,36624,132,7.3,0
45,39399750,Rugrats Go Wild ,5674,35,5.6,329
97,26284475,Love the Coopers ,9051,68,5.7,0
77,38413606,Midnight Run ,54042,215,7.6,0
21,508867,Madison ,1033,26,6.5,282
110,7362100,The Squid and the Whale ,60295,232,7.4,0
78,304124,The Holy Girl ,2720,37,6.7,57
43,20101861,Multiplicity ,24757,81,6,0
74,568695,Down in the Valley ,16617,110,6.5,412
87,540085,Romance & Cigarettes ,10052,69,6.3,0
83,60491560,Kiss the Girls ,50653,143,6.6,0
172,24984868,The November Man ,50056,152,6.3,0
90,128937,The Eclipse ,2437,31,6.2,580
111,15500000,The Thirteenth Floor ,51996,302,7,0
217,66637,The Messenger ,29608,92,7.2,0
27,124720,"Lovely, Still ",1560,15,7.3,777
104,50026353,Home on the Range ,13581,88,5.4,304
109,4839383,Hollywood Ending ,21613,148,6.6,762
116,4360548,Solitary Man ,13371,60,6.4,0
186,16235293,Black Christmas ,19918,278,4.5,0
52,85300000,Stripes ,48629,134,6.9,0
164,22531698,Babylon A.D. ,81523,214,5.6,0
175,33631221,The Gambler ,48562,145,6,0
25,2148212,A Dog of Flanders ,781,20,6.3,157
176,13746550,Hit and Run ,29322,104,6.1,0
19,10305534,I Got the Hook Up ,1721,38,3.9,280
81,137945,The Last Five Years ,6223,40,5.9,0
93,58220776,Bicentennial Man ,87785,362,6.8,0
222,3014541,Albert Nobbs ,19616,98,6.7,0
154,15709385,Pride and Glory ,53053,132,6.7,0
84,406035,The Believer ,30314,159,7.2,0
5,1250798,The Singles Ward ,1099,53,6.4,43
53,4835968,Extreme Ops ,4821,82,4.5,158
23,2223990,DysFunktional Family ,761,14,6.6,26
11,243347,Civil Brand ,553,24,5.3,86
52,13235267,Daddy Day Camp ,12339,32,2.9,256
167,17797316,Going the Distance ,50523,113,6.3,0
77,11546543,The Legend of Drunken Master ,34520,146,7.6,0
69,19158074,Tuck Everlasting ,17983,127,6.7,0
107,65269010,Step Up ,90938,271,6.5,0
125,37879996,Bedazzled ,81888,254,6,0
71,403932,The Claim ,5254,92,6.5,141
83,15102127,"The Goods: Live Hard, Sell Hard ",17790,59,5.8,0
38,57362581,The Specialist ,50148,116,5.4,0
55,22770864,Joe Somebody ,8433,85,5.5,168
61,4777007,Just Visiting ,15130,98,5.8,565
21,8119205,A Simple Wish ,4288,21,5.4,517
137,45356386,The Legend of Zorro ,71574,244,5.9,951
25,26539321,Harriet the Spy ,7984,42,5.9,833
72,11702090,Sydney White ,37700,50,6.3,0
29,279282,The Battle of Shaker Heights ,3806,49,6.1,150
77,82569532,Cheaper by the Dozen 2 ,42737,128,5.4,781
195,21426805,The Darkest Hour ,49312,211,4.9,0
83,1040879,Bottle Rocket ,54478,184,7.1,0
26,32230907,Kevin Hart: Let Me Explain ,6062,30,6.7,0
86,69688384,The Kid ,34473,139,6.1,0
145,4930798,The Apparition ,16268,108,4.1,0
11,4692814,Held Up ,2870,34,5.1,77
55,81022333,Congo ,34471,147,5,0
46,5600000,Mary Reilly ,11913,97,5.8,616
105,41482207,Gremlins 2: The New Batch ,68428,148,6.3,0
181,15854988,Far from Heaven ,36542,378,7.4,0
78,198407,Sherrybaby ,10282,78,6.6,474
125,15279680,Bangkok Dangerous ,48245,154,5.4,0
25,10696,Shade ,10771,65,6.4,413
82,4170647,East Is East ,14548,161,6.9,1000
148,37481242,The Back-up Plan ,40654,97,5.3,0
168,1477002,The Diary of a Teenage Girl ,16645,72,6.9,0
69,51431160,A Cinderella Story ,62861,232,5.9,0
172,5023275,Three Burials ,34194,199,7.5,0
63,115862,The Greatest ,7394,50,6.7,0
45,2275557,Showdown in Little Tokyo ,12561,102,6,0
66,18595716,Aquamarine ,30462,150,5.3,0
17,869325,Beastmaster 2: Through the Portal of Time ,2281,16,3.8,125
161,35096190,Intolerable Cruelty ,76560,322,6.3,0
55,61400000,National Lampoon's Vacation ,71183,183,7.4,0
165,60470220,Shanghai Knights ,81444,192,6.2,955
111,48472213,Miss Congeniality 2: Armed and Fabulous ,51252,156,5,621
108,50300000,A View to a Kill ,68565,300,6.3,0
169,26814957,The Other Boleyn Girl ,84357,252,6.7,0
76,349618,Two Evil Eyes ,4302,45,6.1,375
146,56932305,Shanghai Noon ,96690,293,6.6,0
36,4063,Inescapable ,2086,20,5.2,657
224,10640645,The Gunman ,28429,110,5.8,0
173,273420,Southland Tales ,32671,238,5.5,0
112,3629758,The Chorus ,44151,110,7.9,0
62,7070459,How She Move ,4600,18,3.3,238
34,231417,The Swindle ,1649,21,6.6,33
61,28399192,The Crocodile Hunter: Collision Course ,5663,106,5.4,332
53,447093,Dekalog             ,12591,37,9.1,0
100,29374178,Bless the Child ,12093,188,5.1,394
67,13383737,Bullets Over Broadway ,29385,86,7.5,979
56,2040920,El Mariachi ,52055,130,6.9,0
111,4829497,The Libertine ,31433,260,6.4,0
127,10460089,Narc ,34098,214,7.2,1000
166,316842,Good Kill ,15756,68,6.4,0
113,15738632,3000 Miles to Graceland ,38076,399,5.9,0
64,14792779,Radio Days ,24256,91,7.6,0
51,533344,Masked and Anonymous ,3972,95,5.5,655
107,10037390,Godzilla 2000 ,5442,140,6,339
29,6982680,Screwed ,6965,69,5.7,262
25,48856,Madadayo ,3466,40,7.5,355
92,75597042,The Rookie ,26434,174,7,0
161,15152879,The Last Exorcism Part II ,13506,68,4,0
112,23078294,Stay Alive ,25870,281,5.1,0
22,2580,I Love Your Work ,1618,40,5.4,63
103,8742261,Street Fighter: The Legend of Chun-Li ,19824,179,3.7,0
112,38916903,Earth to Echo ,15664,149,5.8,0
146,30538669,The Sitter ,60202,114,5.7,0
112,63260,Renaissance ,14325,90,6.7,0
146,26199517,Blood Work ,34356,260,6.4,705
93,140016,Baghead ,3507,40,6,443
140,67286731,Hidalgo ,67856,345,6.7,0
181,2508841,Frozen River ,21746,93,7.2,0
44,37788228,Head of State ,15046,80,5.4,638
95,27779888,The Edge ,55913,182,6.9,0
77,15712072,Paparazzi ,13210,138,5.8,269
125,7825820,The Night Listener ,13086,156,5.9,576
53,7830611,Hoop Dreams ,18980,74,8.3,0
225,214966,The Killer Inside Me ,28483,176,6.1,0
128,3203044,Anything Else ,25165,155,6.4,827
5,4914,Antarctic Edge: 70° South ,123,2,7,215
101,37752931,Autumn in New York ,20201,180,5.5,0
85,5709616,El crimen del padre Amaro ,11088,110,6.8,544
29,1332,Detention of the Dead ,2038,20,4.6,898
84,15427192,Drowning Mona ,11768,148,5.6,492
168,19377727,The Producers ,35140,409,6.4,0
60,4064333,Tank Girl ,24790,173,5.2,0
49,10429707,Moms' Night Out ,10483,125,5.4,0
123,31968347,Leaving Las Vegas ,93894,286,7.6,0
160,56729973,Saw V ,88529,262,5.8,0
101,190666,"A Woman, a Gun and a Noodle Shop ",2410,20,5.7,784
25,69800000,Private Benjamin ,18140,60,6.1,855
97,60054449,Species ,61018,140,5.8,0
141,63695760,Mona Lisa Smile ,61490,264,6.4,0
129,20566327,Keanu ,15385,84,6.4,0
15,4357000,Bogus ,5176,30,5.3,350
67,5000000,"The Beast from 20,000 Fathoms ",4812,88,6.7,465
121,31899000,Dressed to Kill ,23986,201,7.1,0
144,49875589,Red Tails ,28807,273,5.9,0
52,529766,Things to Do in Denver When You're Dead ,22345,144,6.8,0
158,37339525,Out of Sight ,71708,307,7,0
77,39025000,Dead Man Walking ,73193,190,7.6,0
124,42044321,Spanglish ,65668,342,6.5,0
94,31526393,Anacondas: The Hunt for the Blood Orchid ,22243,144,4.6,686
28,12055,The Living Wake ,739,10,6.5,339
73,16647384,Unaccompanied Minors ,8398,56,5.1,498
198,31691811,Quarantine ,57446,369,6,0
127,67253092,Coach Carter ,92702,209,7.2,0
118,3335839,Harsh Times ,54657,222,7,0
49,1631839,Gun Shy ,5936,91,5.7,242
140,46363118,Boogeyman ,25960,389,4.1,1000
98,12831121,Wicker Park ,44979,298,7,0
135,3432342,The Barbarian Invasions ,24921,166,7.7,0
19,1200000,Excessive Force ,922,23,5.1,107
63,18636537,The Quick and the Dead ,69197,216,6.4,0
14,18435,One to Another ,1010,15,5.8,104
61,46300000,"It's a Mad, Mad, Mad, Mad World ",29323,344,7.6,0
208,2694973,Half Nelson ,70885,189,7.2,0
72,8326035,The Man ,21933,76,5.5,676
65,7369373,Witchboard ,4288,74,5.7,0
60,4091,Thunder and the House of Magic ,4265,16,6.3,0
108,145118,Carlos             ,10111,36,7.7,0
78,58255287,Littleman ,39471,187,4.3,0
112,11905519,The Protector ,30210,214,7.1,0
30,3275585,Romeo Is Bleeding ,10735,88,6.6,561
72,57750000,Cleopatra ,21554,192,7,0
107,73023275,Hotel for Dogs ,16271,57,5.4,1000
137,8111360,Dirty Pretty Things ,34848,203,7.4,0
118,44737059,The Replacements ,48322,261,6.5,0
6,35688,Not Cool ,4167,72,5.1,0
61,6088249,Grandma's Boy ,67853,202,7,0
60,317040,The Yellow Handkerchief ,6723,36,6.8,1000
105,73701902,Christmas with the Kranks ,27548,209,5.2,0
145,60269340,Baby Mama ,34079,97,6,0
51,246574,My Dog Tulip ,1272,15,6.9,675
81,7282851,Phantasm II ,9502,100,6.5,812
169,59475623,The Stepford Wives ,49739,407,5.2,0
66,4814244,Slackers ,12437,107,5.3,405
82,5518918,Aqua Teen Hunger Force Colon Movie Film for Theaters ,12160,73,6.9,307
43,100240,A Lego Brickumentary ,1220,11,6.8,0
177,24520892,Unleashed ,85198,303,7,0
111,13367101,Friends with Money ,19715,166,5.9,515
158,16930884,88 Minutes ,65628,262,5.9,0
96,3041803,The House of Mirth ,6377,181,7.1,345
7,1098224,"The Book of Mormon Movie, Volume 1: The Journey ",397,30,3.3,32
36,1686429,Steel ,8687,62,2.8,0
77,4505922,Swingers ,63951,252,7.4,0
57,793352,Darling Companion ,2551,25,5.1,0
61,11806119,Bloodsport ,57578,210,6.8,0
19,2848578,Letters to God ,3942,65,6.3,0
98,39177215,Enough ,30667,234,5.6,0
160,1186957,Me and Orson Welles ,9264,69,6.8,0
160,14637490,My Soul to Take ,16411,136,4.8,0
168,1900725,The Proposition ,43205,232,7.4,0
57,35231365,The Flintstones in Viva Rock Vegas ,15517,85,3.6,500
162,34566746,Thirteen Days ,45231,315,7.3,0
28,4756,The Adventurer: The Curse of the Midas Box ,4191,32,5.4,0
62,24708699,Lottery Ticket ,7991,30,4.9,0
24,11144518,Barney's Great Adventure ,2724,53,2.8,436
57,32051917,Copycat ,42315,140,6.6,0
213,1260917,Micmacs ,24657,71,7.2,0
36,42610000,Beverly Hills Cop III ,60293,114,5.5,669
65,30084,Happy Christmas ,5507,23,5.6,812
63,45645204,Black Rain ,39306,119,6.6,0
50,2892582,Waiting for Guffman ,22697,202,7.6,0
39,5871603,Light It Up ,3116,39,6,251
222,28563179,We Own the Night ,72693,199,6.9,0
126,7764027,Bad Words ,38459,119,6.7,0
121,8786715,Saved! ,40274,324,6.9,0
47,11508423,The Longshots ,3174,19,5.1,376
39,2557668,Captive ,3911,22,5.3,0
52,8070311,Sleepover ,12706,75,5.3,0
24,52528330,A Madea Christmas ,4265,27,4.7,0
105,18306166,The Four Feathers ,28130,215,6.5,0
139,5348317,Danny Collins ,20810,100,7.1,0
68,841206,Higher Ground ,2603,34,6.3,952
43,4328294,Keeping Up with the Steins ,2719,41,5.4,249
134,82300000,Star Trek: The Motion Picture ,63330,405,6.4,0
155,6517198,Maria Full of Grace ,30474,172,7.5,0
65,2955039,Gracie ,3624,27,6.2,313
53,14873,Major Dundee ,5294,67,6.8,251
62,32333860,Rumble in the Bronx ,29843,81,6.7,0
90,188870,Easy Money ,13443,25,6.7,0
66,14114488,Poltergeist III ,13190,114,4.5,616
34,1889522,The Mighty Macs ,1119,12,6.5,797
28,64148,Aberdeen ,2601,35,7.3,260
88,18882880,Georgia Rule ,20539,125,5.9,681
110,76400000,Star Trek III: The Search for Spock ,58743,192,6.6,0
11,8508843,Troop Beverly Hills ,7470,35,5.5,0
43,36733909,Alive ,38949,112,7.1,0
58,52543632,No Good Deed ,12676,84,5.6,0
85,40219708,Hardball ,22649,131,6.3,0
53,38168022,The Original Kings of Comedy ,4687,83,6.6,290
231,2283276,Waltz with Bashir ,46107,156,8,0
61,32885565,Daylight ,53132,101,5.8,0
8,18195,The Sticky Fingers of Time ,336,7,6.3,67
56,12065985,Holy Man ,16260,88,4.9,296
109,4040588,Bottle Shock ,12233,89,6.8,0
66,39177541,The Adventures of Sharkboy and Lavagirl 3-D ,20310,177,3.5,0
61,10397365,Head Over Heels ,11693,104,5.4,613
196,53789313,Paycheck ,89816,347,6.3,0
37,13903262,Out Cold ,14656,90,6.3,0
42,14100000,Diner ,14995,87,7.2,0
199,11538204,The Conspirator ,23696,135,7,0
167,11956207,Sorority Row ,24012,126,5.1,0
31,623374,Texas Rangers ,4757,67,5.2,474
101,20950820,Looney Tunes: Back in Action ,24183,160,5.7,665
15,800000,The Barbarians ,2308,35,4.8,550
163,171320,Polisse ,10796,33,7.3,0
92,768045,Bloody Sunday ,19732,120,7.7,0
133,14373825,Awake ,63216,196,6.5,0
167,35143332,Jeepers Creepers II ,45102,316,5.6,0
94,1754319,A Better Life ,13174,81,7.2,0
156,418268,Bachelorette ,37156,129,5.3,0
83,40158000,The Piano ,63931,241,7.6,0
97,11614236,The Muse ,9294,140,5.6,251
91,25078937,Midnight in the Garden of Good and Evil ,31751,216,6.6,0
81,447750,Brother ,18520,133,7.2,0
77,9402410,Fun Size ,11233,32,5.4,0
98,55210049,Star Trek V: The Final Frontier ,43743,293,5.4,0
131,531009,By the Sea ,7976,61,5.3,0
43,695229,Trees Lounge ,11369,65,7.2,872
60,17300889,The Phantom ,27648,148,4.9,0
25,295468,Never Again ,709,34,6,139
6,3347439,The Work and the Glory ,833,33,6.9,31
47,5002310,Bubble Boy ,25541,181,5.6,0
109,1060591,Caramel ,9750,66,7.2,0
131,50041732,Stigmata ,54390,398,6.2,0
25,22189039,Nowhere to Run ,17074,55,5.5,466
112,48430,The Perfect Host ,20176,73,6.8,0
29,906666,Sholem Aleichem: Laughing in the Darkness ,154,5,6.8,287
37,49121934,This Christmas ,6528,32,6.1,0
68,17174870,Center Stage ,15817,210,6.7,0
147,37101011,The Guilt Trip ,30394,103,5.8,0
64,1141829,L.I.E. ,8509,109,7.2,420
95,42643187,Glory Road ,34910,145,7.2,0
137,11034436,Mrs Henderson Presents ,13505,180,7.1,0
122,9180275,You Can Count on Me ,22145,231,7.7,756
67,14567883,Soldier ,44248,373,6,0
56,2600000,Richard III ,11612,88,7.5,0
50,20300000,City Hall ,16741,60,6.2,309
82,6291602,What Planet Are You From? ,8070,91,5.6,255
154,58867694,Surf's Up ,54077,112,6.8,0
253,1330827,The Neon Demon ,9866,73,7,0
110,30199105,The Art of War ,25346,167,5.7,470
31,99147,Desert Blue ,1884,28,6.2,69
123,10965209,Antitrust ,25558,221,6.1,0
96,63319509,She's All That ,67115,389,5.8,0
173,55865715,White Noise ,41763,403,5.5,0
60,1420578,Northfork ,4894,122,6.4,298
49,36830057,My Favorite Martian ,10883,73,4.9,448
17,6879730,Woman Thou Art Loosed ,806,23,6.9,187
59,52293982,The Color of Money ,57831,115,7,0
91,65535067,Deuce Bigalow: Male Gigolo ,59380,202,5.7,0
47,104257,Human Traffic ,19194,160,7.1,0
78,1554566,Ararat ,8624,180,6.6,824
49,134904,Love Ranch ,2395,17,5.7,636
124,26896744,The Women ,16582,125,4.9,0
133,21784432,The Big Wedding ,37493,108,5.6,0
61,3058380,The Widow of Saint-Pierre ,4767,69,7.3,186
63,2954405,Isn't She Great ,1977,64,5.3,133
63,927107,Aimee & Jaguar ,5153,51,7.3,687
210,7443007,Taking Woodstock ,24663,71,6.7,0
141,1197786,District B13 ,55928,157,7.2,0
103,52691009,Diary of a Wimpy Kid: Rodrick Rules ,18727,45,6.6,0
159,8025872,The Texas Chainsaw Massacre 2 ,19234,258,5.5,0
156,27669413,Saw VI ,76207,194,6,0
146,43818159,Prom Night ,27664,260,3.9,1000
151,13987482,What's Your Number? ,58957,91,6,0
122,37617947,The Nativity Story ,8143,203,6.8,0
9,531806,Standing Ovation ,548,6,3.4,277
51,265107,Psycho Beach Party ,4617,93,6.3,614
157,45489752,In Good Company ,48973,214,6.5,736
119,12212417,Confidence ,30643,144,6.7,622
136,405614,Sound of My Voice ,15775,69,6.7,0
138,30000000,A Nightmare on Elm Street 2: Freddy's Revenge ,43485,327,5.4,0
132,6754898,Running with Scissors ,20000,188,6.2,0
58,39659,Dracula: Pages from a Virgin's Diary ,1555,32,7,131
66,11835,Of Horses and Men ,1920,7,6.9,1000
93,10956379,Dragon Wars: D-War ,21506,364,3.6,0
111,26345,The Sweeney ,16445,99,6.1,0
57,11632420,Knockaround Guys ,19768,135,6.1,566
169,3753806,Vera Drake ,20307,165,7.7,0
33,4109095,Kama Sutra: A Tale of Love ,8239,92,6,0
67,81150692,Snow Dogs ,20219,100,5.1,0
132,6409206,The Rocker ,32311,104,6.2,0
104,24475416,Sling Blade ,72443,309,8,0
159,56536016,Lights Out ,13523,95,6.9,0
141,30012990,Elizabeth ,75973,409,7.5,0
81,154077,Lonesome Jim ,6884,53,6.6,238
231,4001121,I'm Not There. ,48346,230,7,0
201,25244700,Escape from New York ,91017,284,7.2,0
188,10214647,Kinsey ,42689,204,7.1,0
125,18761993,The Upside of Anger ,19007,219,6.9,549
186,54257433,The Shallows ,12983,139,6.8,0
94,1221261,Nine Queens ,38215,125,7.9,0
166,67128202,Race to Witch Mountain ,43328,110,5.7,0
166,9525276,Death Sentence ,60156,299,6.8,0
37,15062898,Dead Man on Campus ,11729,106,6,645
78,27087695,Joe Dirt ,41664,205,5.9,0
151,24375436,15 Minutes ,42547,265,6.1,748
100,7563670,Over Her Dead Body ,21268,53,5.2,518
81,1980338,Zero Effect ,12366,151,7,507
75,22734486,Dickie Roberts: Former Child Star ,11815,117,5.6,320
105,410388,Steamboy ,13727,79,6.9,973
129,64371181,Miracle ,36636,289,7.5,0
41,1089445,The Perfect Game ,2676,33,7,0
105,18967571,The Replacement Killers ,23345,167,6.1,629
76,37901509,Seven Years in Tibet ,96385,119,7,0
25,3827466,Yeh Jawaani Hai Deewani ,25122,102,6.9,0
65,2300000,42nd Street ,7921,97,7.7,439
71,10018,Alone with Her ,3228,31,6.1,244
46,10161099,Henry V ,23441,108,7.7,0
98,72601713,Barnyard ,21396,155,5.6,605
192,866778,My Blueberry Nights ,44208,117,6.7,0
177,10515579,Scoop ,66840,248,6.7,0
36,18653615,Anywhere But Here ,14786,103,6.1,638
56,52961,Aloft ,2103,11,5.3,675
2,10508,Naturally Native ,103,6,6.5,102
22,23031390,The Players Club ,4345,26,5.6,575
131,22751979,Titan A.E. ,52244,377,6.6,0
63,5108820,Gossip ,12519,112,5.9,853
29,18434,A Room for Romeo Brass ,4471,47,7.7,484
57,2185266,Bamboozled ,8720,186,6.5,1000
160,70327868,Shaft ,58416,301,5.9,0
48,53854588,Tin Cup ,37911,73,6.3,1000
131,79566871,Hannah Montana: The Movie ,31760,140,4.2,0
8,721,In Her Line of Fire ,783,12,4.1,42
74,4771000,Welcome to the Dollhouse ,26513,174,7.5,0
63,11631245,Zoom ,15015,113,4.2,494
130,14334645,Godsend ,22449,191,4.8,387
231,4398392,Black Book ,59507,232,7.8,0
75,32701088,Dreamer: Inspired by a True Story ,10018,108,6.9,0
118,16123851,Vanity Fair ,17373,148,6.2,767
64,57504069,Boyz n the Hood ,94139,183,7.8,0
63,6401336,My Own Private Idaho ,36996,153,7.1,0
94,9473382,The Red Violin ,26832,247,7.7,0
173,19067631,Waitress ,37714,204,7.1,0
59,6157157,UHF ,21416,198,7,0
91,1056102,Wonderland ,18792,153,6.6,1000
164,26049082,That Awkward Moment ,76791,100,6.1,0
182,4244155,"Jeff, Who Lives at Home ",56005,112,6.5,0
43,51109400,Naked Gun 33 1/3: The Final Insult ,76850,85,6.4,1000
118,57887882,Shall We Dance ,35508,211,6.1,0
64,146402,Mondays in the Sun ,9913,38,7.7,0
68,78656813,Teenage Mutant Ninja Turtles II: The Secret of the Ooze ,42765,93,6,0
79,19819494,Hard Rain ,26893,126,5.8,815
91,15156200,The Corruptor ,15358,131,6,328
13,112521,Lisa Picard Is Famous ,455,16,5.7,25
140,4535117,In the Name of the King: A Dungeon Siege Tale ,38398,368,3.8,0
46,20998709,Flicka ,6095,76,6.2,1000
63,127437,1911 ,4670,27,6,0
200,977600,Meek's Cutoff ,8204,98,6.5,0
242,19100000,Friday the 13th Part 2 ,39690,394,6.1,0
116,36833473,Kiss of the Dragon ,53126,254,6.6,0
117,34667015,Licence to Kill ,74009,317,6.6,0
66,42672630,The Lizzie McGuire Movie ,27580,172,5.3,0
94,58156435,Without a Paddle ,37479,152,5.9,0
168,5998971,"Run, Fatboy, Run ",58509,143,6.6,0
195,28687835,Untraceable ,40964,245,6.2,0
120,43792641,License to Wed ,32157,119,5.3,913
86,61356221,Stomp the Yard ,19505,162,5.2,0
12,169379,"Cinco de Mayo, La Batalla ",683,3,6.2,874
53,9609,Down Terrace ,2646,22,6.5,535
137,1089365,What Just Happened ,23767,111,5.7,845
61,1028337,The Business of Strangers ,3413,78,6.4,29
131,59068786,Behind Enemy Lines ,86902,411,6.4,0
78,17010646,Son of the Mask ,40751,239,2.2,881
96,25528495,Captain Corelli's Mandolin ,28099,220,5.9,0
63,21800302,Mr 3000 ,12164,63,5.5,491
142,83892374,The X Files ,85720,297,7,0
68,117190,Wild Target ,29994,86,6.9,0
40,30102717,Double Impact ,28736,72,5.5,0
103,28927720,The Watcher ,22220,181,5.3,463
110,19170001,Friday the 13th Part VII: The New Blood ,21359,270,5.3,0
76,5881504,Against the Ropes ,5917,50,5.3,177
35,4394936,Simply Irresistible ,11439,190,5.3,901
69,47811275,Big Fat Liar ,29008,99,5.4,896
34,9910,As It Is in Heaven ,13543,94,7.6,0
42,1075288,Blood and Wine ,7772,55,6.1,145
26,2000000,Can't Stop the Music ,2998,74,4.5,1000
53,447093,Dekalog             ,12590,37,9.1,0
14,609042,The Basket ,449,38,6.5,117
156,74158157,Jack and Jill ,60370,264,3.4,0
95,18811135,Akeelah and the Bee ,15337,172,7.5,0
90,1276984,Cecil B. DeMented ,11403,150,6.2,795
88,255352,Old Joy ,4423,57,6.7,594
90,17848322,Laws of Attraction ,18771,102,5.9,702
174,58183966,Ali ,79186,386,6.8,0
122,33000377,Dracula 2000 ,27378,365,4.9,0
114,11694528,Dave Chappelle's Block Party ,7721,72,7.2,635
170,43337279,Year One ,76770,203,4.9,0
66,87100000,Out of Africa ,52339,200,7.2,0
40,95016,Summer Storm ,11074,56,7.4,442
62,50382128,Diary of a Mad Black Woman ,10472,202,5.6,0
178,10539414,Jonah Hex ,45729,176,4.7,0
115,365734,The Brown Bunny ,11487,226,5,952
136,28045540,Zathura: A Space Adventure ,67707,202,6.1,0
70,14018364,New York Minute ,17722,111,4.8,849
120,43894863,Must Love Dogs ,25883,262,5.9,0
21,8000000,Annie Get Your Gun ,3167,90,7,456
41,562059,Poolhall Junkies ,8535,113,7,872
145,17473245,Red Planet ,47612,348,5.7,995
54,21160089,ATL ,8522,92,6,874
81,60573641,Jingle All the Way ,68406,162,5.4,0
232,6777589,In the Valley of Elah ,60115,224,7.2,0
41,55184721,Why Did I Get Married? ,9811,100,5.6,1000
51,192467,The Puffy Chair ,4067,71,6.6,297
44,41382841,Peggy Sue Got Married ,27149,96,6.3,0
193,39692139,The Ladykillers ,84131,400,6.2,0
52,2483955,The Lost City ,8369,165,6.7,957
180,6003587,American Splendor ,41999,226,7.5,0
214,12626905,Triple 9 ,32567,106,6.3,0
122,45857453,The Full Monty ,82232,174,7.2,0
213,23527955,The Losers ,74691,165,6.4,0
79,578527,"War, Inc. ",20008,112,5.7,883
132,16938179,Boiler Room ,41313,246,7,0
146,32853640,Drillbit Taylor ,50199,101,5.7,702
140,24848292,Never Back Down ,80556,184,6.6,0
59,35927406,Mortal Kombat: Annihilation ,36363,256,3.7,1000
107,15988876,Armored ,26236,110,5.7,0
168,8579684,Death at a Funeral ,89547,199,7.4,0
100,173066,My Name Is Bruce ,21379,88,6.3,0
246,229094,Slow West ,27650,88,6.9,0
49,8080116,Hoot ,6562,66,5.6,647
123,548934,Ondine ,16863,57,6.8,0
9,123777,The Masked Saint ,342,15,4.7,0
81,11043445,In the Land of Women ,27689,74,6.5,1000
59,28501605,Child's Play 2 ,31371,166,5.7,0
77,28424210,Garfield 2 ,27517,74,5,470
8,5494,Sparkler ,377,13,5.6,17
25,141853,Critical Care ,1427,12,6,88
89,55500000,Never Say Never Again ,48636,214,6.2,0
38,39880476,The Wild Thornberrys Movie ,12218,33,5.2,187
95,20733485,The Apostle ,11622,157,7.2,1000
44,31600000,Rob Roy ,34427,126,6.9,0
37,78030,Middle of Nowhere ,1034,10,6.5,569
114,41543207,High Crimes ,30077,175,6.3,893
191,12570442,The Matador ,40514,234,6.8,808
43,85222,My Date with Drew ,4285,84,6.6,456
29,177840,Sugar Town ,708,22,6.1,93
104,25407250,Escape from L.A. ,54021,227,5.7,0
106,64267897,Jackass: The Movie ,67992,327,6.6,0
5,11784000,3 Ninjas Kick Back ,6701,26,4.3,444
75,712294,The Ballad of Jack and Rose ,9408,68,6.7,608
42,82528097,Mr. Holland's Opus ,30230,154,7.3,0
112,21835784,A Lot Like Love ,58297,161,6.6,0
49,61490000,Flatliners ,62037,148,6.6,0
64,67823573,Outbreak ,91176,130,6.6,0
44,464126,Blue Car ,3142,68,6.7,115
69,17314483,A Haunted House 2 ,14621,48,4.7,0
81,10544143,Three to Tango ,16372,121,6.1,311
28,1646664,Marci X ,4518,66,2.8,241
69,9714482,Everyone Says I Love You ,30083,140,6.8,0
55,20966644,A Room with a View ,29610,94,7.4,0
148,16027866,The Transporter Refueled ,26767,121,5.1,0
12,27515786,Poetic Justice ,8904,31,5.9,0
26,100412,"Buen Día, Ramón ",2112,7,7.7,0
134,32598931,Proof of Life ,49300,265,6.2,892
71,4186931,Lovely & Amazing ,6041,85,6.9,169
66,42877165,The Devil's Own ,45602,114,6.1,979
161,1110286,Mother and Child ,9727,65,7.2,0
96,32645546,Because of Winn-Dixie ,8427,88,6.4,1000
29,8691,Falcon Rising ,4952,32,5.8,0
62,38553833,The Ghost and the Darkness ,46239,155,6.8,0
129,48237389,The House Bunny ,63969,126,5.5,0
28,464655,Dream with the Fishes ,1524,29,7,166
149,12987647,The Quiet American ,24019,199,7.1,983
61,11000000,Cutthroat Island ,21102,169,5.6,1000
101,9000000,Beyond the Valley of the Dolls ,7584,137,6.2,0
37,326308,Albino Alligator ,6632,69,6.1,225
139,77264926,Parental Guidance ,21176,107,6.1,0
148,20259297,Pulse ,24969,258,4.7,0
151,3885134,Me and You and Everyone We Know ,31130,243,7.4,0
96,75370763,The Horse Whisperer ,32353,263,6.5,0
32,34074895,The Best Man ,6525,79,6.7,0
69,1689999,Quinceañera ,3675,48,7.1,426
18,110720,The Woman Chaser ,524,22,7.3,73
184,42776259,Gulliver's Travels ,53160,121,4.9,0
36,17100000,Fled ,7073,29,5.3,204
71,25590119,Crocodile Dundee in Los Angeles ,19699,119,4.8,387
97,3447339,The To Do List ,29517,79,5.8,0
49,5217498,The In Crowd ,3668,85,4.6,157
54,713413,Character ,9171,68,7.8,689
50,101228,Winter Passing ,7228,53,6.4,414
83,54910560,The Jackal ,88225,227,6.3,0
88,110536,The Lost Skeleton of Cadavra ,4117,118,7,0
106,113155,Gentlemen Broncos ,9006,54,6.1,0
107,84303558,Open Season ,65270,100,6.2,863
91,45856732,The Rainmaker ,46221,141,7.1,0
67,11860839,Glee: The 3D Concert Movie ,5156,21,5.4,0
167,13569248,The Namesake ,16530,117,7.6,0
18,2843,Plush ,2895,24,5.4,604
88,49002815,Diary of a Wimpy Kid: Dog Days ,15665,35,6.4,0
27,8000000,The Greatest Story Ever Told ,6484,100,6.6,1000
102,1500000,Heaven's Gate ,9830,189,6.8,1000
36,62480,Creative Control ,1048,7,5.5,793
51,33357476,See Spot Run ,7392,53,5.4,393
31,47329,Interview with the Assassin ,1661,31,6.6,163
89,20339754,Reno 911!: Miami ,23928,73,5.9,441
133,4033268,Please Give ,9808,53,6.6,0
124,42071069,Fever Pitch ,36223,208,6.2,0
66,336456,The Singing Detective ,7116,79,5.6,494
107,16991902,Rock Star ,34592,191,6.2,0
14,24103594,The Adventures of Huck Finn ,6384,54,6.2,391
50,96793,D.E.B.S. ,12188,135,5.3,1000
98,22108977,The Medallion ,29861,132,5.2,505
98,48814909,Men of Honor ,89424,224,7.2,0
105,84300000,Pinocchio ,90360,147,7.5,0
64,61355436,The Saint ,52136,184,6.2,0
75,241816,George Washington ,6246,76,7.5,451
160,5701643,Mongol: The Rise of Genghis Khan ,37635,165,7.3,0
73,100675,Freakonomics ,5695,23,6.4,0
161,36279230,The Sentinel ,42144,213,6.1,690
31,64359,Among Giants ,811,26,5.9,108
1,610991,Fiza ,2715,19,6.2,92
38,15180000,Sweet Sweetback's Baadasssss Song ,3340,50,5.5,566
113,6144806,Beyond the Sea ,12821,248,6.7,0
69,214202,Trade ,14831,75,7.5,0
235,38105077,Ninja Assassin ,58349,194,6.4,0
160,59699513,Secretariat ,20827,136,7.2,0
184,6615578,The Last Station ,15352,82,7,0
51,1744858,The Broken Hearts Club: A Romantic Comedy ,6084,120,7,671
80,76081498,Conspiracy Theory ,76099,162,6.7,0
26,133778,The Other Dream Team ,3086,9,8.4,0
45,2800000,Love Stinks ,4377,85,5.8,309
24,6448817,Warriors of Virtue ,2189,31,4.6,0
10,669276,The Princess and the Cobbler ,2541,47,7.2,408
102,8396942,Sex Drive ,72715,103,6.5,0
98,75668868,Star Trek: Generations ,60504,249,6.6,0
16,40542,"First Love, Last Rites ",294,16,5.5,26
54,1186323,Saving Face ,7776,84,7.6,774
23,34151,Censored Voices ,186,3,7.2,111
49,3071947,Jawbreaker ,18711,183,5.4,0
106,22406362,The Alamo ,16832,267,6,701
74,53133888,Arachnophobia ,50389,136,6.3,0
69,274299,Amen. ,11077,55,7.3,0
31,143653,Desert Dancer ,1177,10,6,0
9,7518876,Dolphins and Whales 3D: Tribes of the Ocean ,172,5,6.5,28
71,64736114,Stuart Little 2 ,36471,69,5.4,459
80,19151864,My Best Friend's Girl ,36983,100,5.9,0
56,15549702,My Boss's Daughter ,24038,123,4.6,411
27,4720371,The Other Side of Heaven ,3203,85,6.5,650
162,65804,Deadfall ,32512,86,6.3,0
166,32600000,Friday the 13th: The Final Chapter ,29488,326,5.9,0
20,13220,Supercapitalist ,289,9,3.9,115
15,2832826,The Perez Family ,1761,19,6.2,174
85,4414535,Hamlet ,30618,224,7.8,0
81,112935,All or Nothing ,8161,94,7.6,484
107,1134049,In the Shadow of the Moon ,5475,44,8.1,0
142,48291624,Just Like Heaven ,82819,263,6.7,0
105,28133159,The Ant Bully ,30055,70,5.9,593
12,199228,Paa ,7295,49,7.2,504
103,20916309,Shorts ,5332,37,4.9,431
43,58571513,Sea of Love ,30213,112,6.8,0
14,4584,Newlyweds ,1338,14,6.4,413
41,511920,Delgo ,2458,26,4.4,211
104,13491653,The Tailor of Panama ,23728,213,6.1,813
140,14888028,The Cave ,28606,262,5.1,0
28,14003141,In Too Deep ,4598,29,6.1,375
61,48169908,Malcolm X ,63923,156,7.7,0
136,4681503,Igby Goes Down ,29058,238,7,838
40,4000000,American Ninja 2: The Confrontation ,6046,46,4.7,583
160,9176553,Get Low ,19147,97,7.1,0
120,20384136,Valentine ,20467,371,4.7,0
109,32616869,Driven ,34435,346,4.5,886
29,144583,Deterrence ,2256,79,6.5,130
193,3094687,Celeste & Jesse Forever ,24391,61,6.7,0
79,17593391,The Postman ,56403,376,6,0
51,4301331,Four Rooms ,78241,177,6.7,0
212,6857503,Cedar Rapids ,32697,85,6.3,0
56,50800000,A Bridge Too Far ,40277,210,7.4,0
131,44793200,A Nightmare on Elm Street 3: Dream Warriors ,49820,311,6.6,0
258,31146570,The Debt ,55441,165,6.9,0
232,12899702,Volver ,76681,228,7.6,0
138,19548064,Astro Boy ,25681,77,6.3,0
41,76501438,Rugrats in Paris: The Movie ,8146,49,6.1,181
35,26893,Mississippi Mermaid ,4391,26,7.2,278
62,14348123,Tea with Mussolini ,9323,157,6.9,970
69,36985501,Clockstoppers ,11212,94,5.2,874
27,10097096,The Wash ,5612,38,4.6,842
22,100503,The Good Guy ,7759,20,5.9,1000
56,1346503,Snow Flower and the Secret Fan ,3024,22,6.1,0
134,22452209,Fame ,14062,82,5,0
185,5283379,The Skeleton Twins ,31254,79,6.8,0
65,381186,The Quiet ,13485,90,6.4,698
142,51053787,Hoodwinked! ,45900,247,6.5,0
17,5899797,Cry Freedom ,9913,51,7.5,0
201,38543473,Sex Tape ,84382,158,5.1,0
71,7417210,Kids ,59041,408,7,0
96,12947763,April Fool's Day ,10624,125,6.2,0
91,2882062,Tadpole ,5178,101,6.3,132
1,3000000,Over the Hill to the Poorhouse ,5,1,4.8,0
6,55202,Roadside Romeo ,922,17,5.3,39
52,4884663,Invaders from Mars ,5187,64,5.5,902
86,28563926,Swimfan ,16300,217,5,720
241,32721635,The Last House on the Left ,67822,279,6.6,0
57,2643689,The Mighty ,10499,113,7.3,0
63,143000,Chain Letter ,4122,48,4.1,0
31,65623128,Madea's Witness Protection ,7354,50,4.8,0
150,32178777,The Love Guru ,43300,250,3.8,0
105,2408553,The Gatekeepers ,4547,33,7.6,0
42,35010192,Good Deeds ,6352,43,5.4,0
24,563699,Dum Maaro Dum ,3266,27,6.2,421
53,36500000,Escape from Alcatraz ,87090,142,7.6,0
177,73548,The Midnight Meat Train ,47574,209,6.1,0
46,4613815,Let's Go to Prison ,19622,58,6,931
110,18208078,The Last Castle ,57100,281,6.9,0
12,4700361,90 Minutes in Heaven ,2047,29,4.6,0
67,1027749,The Children of Huang Shi ,8087,33,7.1,1000
140,21973182,Joy Ride ,53415,339,6.6,0
131,16284360,Swing Vote ,15079,79,6.1,1000
67,52885587,Varsity Blues ,35312,267,6.4,0
24,2154540,Shadow Conspiracy ,3803,41,4.9,68
112,19076815,Hart's War ,43651,196,6.3,997
129,2207975,Shattered Glass ,28855,190,7.2,0
143,40203020,Bridget Jones: The Edge of Reason ,74315,259,5.9,0
101,190666,"A Woman, a Gun and a Noodle Shop ",2410,20,5.7,784
11,69700000,The Best Little Whorehouse in Texas ,7748,48,5.8,0
74,17149,5 Days of War ,12128,61,5.6,0
169,77413017,March of the Penguins ,45984,331,7.6,0
188,24004159,Around the World in 80 Days ,68720,191,5.8,0
149,6592103,Femme Fatale ,28584,232,6.3,675
81,40485039,Bill & Ted's Excellent Adventure ,85362,181,6.9,0
36,223878,"Remember Me, My Love ",3548,21,6.5,282
31,53146000,Eye for an Eye ,9845,77,6.1,613
60,80000000,Footloose ,51459,113,6.5,0
98,23393765,Endless Love ,31323,76,6.3,0
86,28876924,Nerve ,4303,35,7.1,0
147,2077046,The Wackness ,27266,75,7,0
29,155984,The Horse Boy ,586,9,7.4,0
160,626809,Red Cliff ,36894,105,7.4,0
11,34746109,A Thin Line Between Love and Hate ,3122,14,5.6,559
110,26525834,Bulworth ,21998,227,6.8,0
55,17378977,Roll Bounce ,5585,75,6,997
10,4651977,Radio Flyer ,10410,71,6.9,892
78,33771174,Where the Heart Is ,27044,240,6.8,0
42,121972,People I Know ,9868,81,5.5,217
134,68473360,Vertical Limit ,49536,379,5.9,0
110,26183197,A Man Apart ,38348,135,6.1,0
32,6126237,Chasing Papi ,3419,41,4.8,419
64,1281176,Tumbleweeds ,2932,73,6.7,121
46,33422806,Black Knight ,30771,164,4.8,0
75,12589108,Under the Same Moon ,5526,58,7.4,0
76,396035,Yes ,2725,48,6.9,305
127,35000629,Good Luck Chuck ,74622,150,5.6,0
161,55808744,Be Cool ,59435,323,5.7,0
181,5004648,I Am Love ,14031,114,7,0
135,40048332,Collateral Damage ,61417,339,5.5,941
92,231186,The Blue Room ,2082,16,6.3,389
59,21200000,To Die For ,34774,162,6.8,1000
43,86930411,The Naked Gun 2½: The Smell of Fear ,83269,87,6.8,0
31,7382993,Doogal ,3851,114,2.8,346
9,305070,Rapa Nui ,3843,25,6.4,399
185,48430355,The Dilemma ,43709,141,5.3,0
181,17266505,Eight Legged Freaks ,43764,291,5.4,0
61,2326407,Last Orders ,5016,99,7,305
100,34098563,Instinct ,27191,232,6.5,0
63,10297897,The Newton Boys ,8309,39,6,315
136,71844424,This Is It ,33158,223,7.3,0
39,51432423,Like Mike ,15074,72,5.1,1000
34,51045801,Up Close & Personal ,11370,54,6.1,829
84,25077977,Alpha and Omega ,10986,84,5.3,0
72,7292175,Outside Providence ,7736,100,6.4,0
109,18090181,New Nightmare ,38191,271,6.4,0
190,26415649,Street Kings ,94892,189,6.8,0
109,37766350,The Secret Life of Bees ,19440,56,7.3,0
37,35422828,Selena ,19126,155,6.7,0
124,40905277,Out of Time ,45895,157,6.5,1000
74,13350177,The Haunting of Molly Hartley ,7904,113,3.8,562
50,14891000,Flirting with Disaster ,15088,105,6.8,824
75,267194,Morvern Callar ,6906,111,6.7,605
98,183125,Stolen ,36914,86,5.5,0
120,43650000,West Side Story ,71919,316,7.6,0
5,100358,Neal 'N' Nikki ,1167,24,3.3,66
101,8712564,Suspect Zero ,16555,139,5.9,817
232,12796277,Rachel Getting Married ,41226,281,6.7,0
130,43100000,You Only Live Twice ,75280,267,6.9,0
110,301305,In the Land of Blood and Honey ,31414,180,4.3,0
85,26096584,Dumb and Dumberer: When Harry Met Lloyd ,30651,267,3.4,1000
83,25615792,Dance Flick ,10161,50,3.5,657
164,25266129,Jersey Girl ,54346,358,6.2,0
47,75727,Sleep Dealer ,5699,40,5.9,0
147,22526144,My Super Ex-Girlfriend ,53884,203,5.1,1000
25,35617599,The Indian in the Cupboard ,20688,47,5.9,0
85,15527125,All the Pretty Horses ,11388,183,5.8,652
95,60000000,Superman III ,49934,224,4.9,0
98,12831121,Wicker Park ,44979,298,7,0
79,48068396,Speed 2: Cruise Control ,60573,248,3.7,894
107,14015786,The Good Girl ,37952,298,6.5,938
167,24800000,From Russia with Love ,89403,358,7.5,0
107,27053815,The Musketeer ,12856,291,4.7,299
46,1114943,Groove ,3562,74,6.5,0
226,3074838,Chloe ,56264,166,6.3,0
129,1150403,Infamous ,14143,102,7.1,0
22,50752337,The Mighty Ducks ,44502,46,6.4,0
97,17508936,A Mighty Wind ,22408,272,7.3,0
54,1950218,Two Girls and a Guy ,5933,102,5.6,387
163,1094798,Made in Dagenham ,11158,73,7.2,0
154,63034755,The Boss ,16984,96,5.3,0
54,828,Perrier's Bounty ,5133,31,6.4,663
55,23222861,Agent Cody Banks 2: Destination London ,11092,44,4.5,167
26,53481,10th & Wolf ,5557,34,6.4,294
19,39100956,What's Love Got to Do with It ,13442,59,7.2,0
7,215185,Call + Response ,48,2,7.5,26
217,13362308,Labor Day ,31898,111,6.9,0
88,39008741,The Sisterhood of the Traveling Pants ,44838,223,6.6,0
69,47811275,Big Fat Liar ,29008,99,5.4,896
60,80000000,Footloose ,51459,113,6.5,0
105,3517797,The Good Thief ,9004,103,6.6,287
65,8888355,Battle of the Year ,7894,25,5,0
22,111300,Burn ,575,6,7.5,801
39,296665,Party Monster ,12675,158,6.3,0
111,4919896,Birthday Girl ,21530,159,6.1,618
125,47095453,Kate & Leopold ,64595,316,6.4,0
21,5005,Tanner Hall ,2280,14,5.9,448
162,49494,The Canyons ,8511,87,3.9,0
40,3468572,Talk Radio ,10073,78,7.3,816
195,3950029,Of Gods and Men ,12411,89,7.2,0
66,2874,The Girl on the Train ,1219,14,6,120
59,65012000,Wolf ,43559,137,6.2,0
27,70527,Eulogy ,7690,68,6.7,376
171,48745150,Firewall ,50170,306,5.8,773
110,78745923,City of Angels ,94407,322,6.7,0
152,1007535,Damsels in Distress ,7625,54,5.7,0
71,2938208,Metropolitan ,7143,52,7.5,865
90,668171,The Promise ,8215,132,5.6,445
45,15100000,Firestarter ,22797,96,6,0
25,2301777,Hav Plenty ,819,36,6.5,161
45,7001720,An American Carol ,8560,205,4.3,797
211,40559930,Duplicity ,41727,184,6.2,0
98,22264487,Deuce Bigalow: European Gigolo ,41239,166,4.6,887
28,27900000,Menace II Society ,39508,96,7.5,0
238,100659,The House of the Devil ,30160,193,6.4,0
26,32983713,Friday After Next ,19284,66,5.8,981
59,582024,Orgazmo ,30396,168,6.2,0
40,25052000,Wyatt Earp ,35314,145,6.6,0
106,24044532,Angel Eyes ,19686,180,5.6,689
155,342936,Drinking Buddies ,45928,106,6.1,0
100,16779636,Lost Souls ,9338,167,4.8,209
193,59379,Cheap Thrills ,12796,52,6.8,0
44,505295,Travelers and Magicians ,1747,28,7.5,353
258,43290977,Edge of Darkness ,75201,256,6.6,0
16,42880,The Bridge of San Luis Rey ,2919,50,5.1,181
194,261481,2046 ,41496,210,7.5,0
5,125169,There Goes My Baby ,859,31,6.4,119
174,22000,The Divide ,30511,226,5.8,0
113,54997476,Don't Say a Word ,40362,248,6.3,970
66,162,Skin Trade ,5228,38,5.7,0
220,37053924,30 Minutes or Less ,77935,122,6.1,0
43,302204,Shooting Fish ,6705,53,6.6,167
46,52166,Trucker ,2792,22,6.7,371
127,63939454,Sky High ,61321,217,6.2,0
72,592014,Tarnation ,5709,114,7.2,754
28,5731103,Get on the Bus ,4100,35,6.8,352
62,44450000,Timecop ,44394,115,5.8,0
50,30127963,When the Game Stands Tall ,12596,64,6.7,0
155,3122616,Obvious Child ,16594,73,6.8,0
42,22359293,The Borrowers ,16222,39,5.8,0
93,14252830,Josie and the Pussycats ,18900,242,5.3,0
136,75604320,"You, Me and Dupree ",68417,195,5.6,0
15,95236,ABCD (Any Body Can Dance) ,5018,38,6.4,1000
91,34872293,Freddy's Dead: The Final Nightmare ,30765,252,4.9,963
46,10411980,Raise Your Voice ,22649,212,5.9,1000
105,18535191,An Ideal Husband ,12980,132,6.9,646
110,17803796,School for Scoundrels ,26100,97,5.9,484
41,2956000,The Pirate ,3258,54,7.1,359
44,10494147,Here on Earth ,7403,162,5.1,648
100,53955614,Small Soldiers ,77415,139,6.1,0
46,4356743,On the Line ,3662,79,4.1,0
96,17411331,Disturbing Behavior ,17328,237,5.5,673
60,10014234,Lucky Numbers ,8560,69,5,177
76,49994804,Evita ,29205,194,6.3,0
135,34238611,The Hunted ,35830,321,6,0
3,118666,Valley of the Heart's Delight ,91,3,6.6,144
119,65557989,Anaconda ,73539,271,4.6,0
149,3588432,Wish I Was Here ,29341,93,6.7,0
131,2360184,Pieces of April ,18035,177,7.1,0
79,5205343,Bandslam ,11958,39,6.4,1000
42,463730,The Last Shot ,3789,39,5.7,89
8,178739,Go for It! ,1015,10,3.9,566
33,110029,Bran Nue Dae ,1388,31,6.3,479
43,9449219,She's the One ,13949,98,6.1,453
90,26870825,Stick It ,22604,124,6.4,0
82,25200412,Aliens in the Attic ,16580,55,5.4,916
151,18990542,Rollerball ,22264,289,3,584
111,38232624,Meet the Spartans ,88518,409,2.7,0
97,10200000,The Spanish Prisoner ,18697,263,7.3,578
62,23978402,Corky Romano ,10966,100,4.6,365
30,4903000,Girl 6 ,4961,33,5,251
14,18642318,Michael Jordan to the Max ,1723,13,7.5,407
43,69800000,Splash ,54723,99,6.2,0
148,17016190,Seed of Chucky ,28632,214,4.9,0
26,7137502,She's Gotta Have It ,4769,26,6.5,406
70,55973336,Romeo Must Die ,57040,365,6.1,0
44,37440,Rudderless ,12672,60,7.5,0
82,1011054,Owning Mahowny ,10585,83,7.2,0
35,819939,Latter Days ,14580,252,7.2,0
97,19351569,Saving Silverman ,33287,201,5.9,739
31,9094451,Warlock ,11668,79,6.2,0
25,8000000,The Legend of the Lone Ranger ,1400,41,5,346
25,2428241,The Grace Card ,2099,26,6.4,0
123,1512815,Jane Got a Gun ,8885,56,5.8,0
65,70163652,Big Momma's House 2 ,31968,82,4.6,663
43,38037513,Bill & Ted's Bogus Journey ,49680,117,6.2,0
119,13337299,De-Lovely ,9649,226,6.6,1000
27,22294341,My Fellow Americans ,12278,71,6.5,758
177,20285518,Brick Mansions ,32103,112,5.7,0
115,22362500,Edtv ,35599,195,6.1,641
51,124494,Six-String Samurai ,5613,102,6.7,0
11,50000,My Lucky Star ,322,2,5.1,81
97,28995450,Nanny McPhee Returns ,19230,59,6.1,0
12,69582,Stiff Upper Lips ,867,21,6.4,109
118,7486906,Martian Child ,17436,71,6.8,0
4,163591,The Last Godfather ,912,17,3.6,502
82,35183792,The Doors ,68159,209,7.2,0
34,31155435,How High ,42644,102,6.2,0
117,1039869,Casino Jack ,14757,51,6.2,0
44,36696761,Recess: School's Out ,6808,38,6.5,227
90,10214013,Unfinished Business ,23072,89,5.4,0
108,3029081,Hedwig and the Angry Inch ,26300,231,7.8,0
23,20047715,Flipper ,8008,26,5.2,504
99,38360195,Last Holiday ,21215,116,6.4,0
33,185577,The Big Tease ,2133,31,6.3,182
108,22160085,Darkness ,16747,349,5.4,1000
193,11529368,Super Size Me ,85028,404,7.3,0
120,82506325,Charlotte's Web ,27838,102,6.4,0
129,5355376,Shine a Light ,9638,67,7.2,0
71,20246959,Our Family Wedding ,5721,20,4.9,1000
173,13622333,Y Tu Mamá También ,91377,385,7.7,0
78,634277,Molière ,5166,27,7.3,815
223,7455447,Cyrus ,29967,126,6.3,0
38,6044618,Deuces Wild ,6200,92,5.6,398
254,10955425,Doomsday ,62770,396,6,0
39,151389,Deceptive Practice: The Mysteries and Mentors of Ricky Jay ,774,7,7.1,590
67,24381334,Ice Princess ,19737,81,6,901
25,7009668,Crossover ,8707,36,2.1,244
15,381225,Short Cut to Nirvana: Kumbh Mela ,131,13,7.2,30
190,25117498,The Reaping ,37412,178,5.7,0
178,42638165,The Unborn ,42182,230,4.8,0
63,62549000,The Crying Game ,41361,148,7.3,0
82,36037909,Hanging Up ,10132,130,4.7,390
45,18081626,Pooh's Heffalump Movie ,4180,32,6.4,264
168,30659817,Delivery Man ,59805,95,6.4,0
21,212285,Love and Other Catastrophes ,1727,21,6.4,46
120,12188642,The 33 ,21098,56,6.9,0
35,20257000,Action Jackson ,7569,65,5.2,978
99,71442,Ernest & Celestine ,12029,32,7.9,0
14,173783,Fuel ,578,34,7.6,588
41,28734552,Baby Boy ,9566,81,6.4,1000
81,38230435,Undercover Brother ,29661,179,5.8,0
95,5664251,The Warrior's Way ,22309,102,6.3,0
71,39800000,Caddyshack ,81599,250,7.4,0
71,403932,The Claim ,5254,92,6.5,141
114,1325073,Thumbsucker ,18762,91,6.6,708
33,29247405,Spice World ,28377,261,3.3,0
39,12610552,The Omega Code ,4682,206,3.5,129
136,35168677,K-19: The Widowmaker ,49311,278,6.7,0
60,36830,Incident at Loch Ness ,3291,63,6.6,400
69,70960517,The Bridges of Madison County ,54631,192,7.5,0
82,41407470,Secondhand Lions ,43378,292,7.6,0
44,11030963,Michael Collins ,24145,93,7.1,0
198,5484375,Rescue Dawn ,84641,205,7.3,0
51,3799339,Better Luck Tomorrow ,8000,138,7.2,661
152,34636443,Hostage ,93790,288,6.6,0
98,57469179,Pet Sematary ,63855,248,6.6,0
49,233103,Wah-Wah ,2670,50,6.9,311
70,27663982,The Island of Dr. Moreau ,26051,164,4.4,0
167,7002255,The Triplets of Belleville ,42462,312,7.8,0
128,30157016,Bad Company ,39659,189,5.6,792
30,77231,Nomad: The Warrior ,3322,32,6,265
8,11798,Gory Gory Hallelujah ,179,18,4.7,39
83,13560960,Nixon ,23996,161,7.1,915
30,33349949,2016: Obama's America ,9010,199,5.1,0
121,228830,Standard Operating Procedure ,3329,22,7.5,489
81,6241697,Dick ,16059,210,6.1,0
20,21413105,Quigley Down Under ,15230,97,6.8,0
34,75078,An Everlasting Piece ,1398,26,6.3,132
80,21500000,The Right Stuff ,45271,170,7.9,0
41,4556,All Is Bright ,4478,23,5.6,825
73,66734992,Kangaroo Jack ,23476,181,4.4,858
10,34793160,White Fang ,15730,31,6.7,0
83,4806750,Mao's Last Dancer ,6091,53,7.4,0
77,1943649,"Happy, Texas ",8697,122,6.3,374
23,8026971,Woo ,1520,20,3.8,204
13,8500000,Under the Rainbow ,2061,34,5.4,501
86,1110186,Tae Guk Gi: The Brotherhood of War ,31943,224,8.1,0
24,19184015,Martin Lawrence Live: Runteldat ,1466,35,5.4,63
68,4956401,Jakob the Liar ,12601,89,6.5,0
160,476270,The Baader Meinhof Complex ,29602,110,7.4,0
165,6109075,Coco Before Chanel ,32003,65,6.7,0
8,2712293,Straight Out of Brooklyn ,475,11,5.9,123
119,11405825,The Shipping News ,28542,208,6.8,0
85,28435406,Employee of the Month ,37681,151,5.5,0
63,8586376,Boat Trip ,26598,132,4.9,1000
19,203134,I Married a Strange Person! ,1428,21,7,178
64,16930185,Serving Sara ,14315,101,5.3,201
31,10174663,Facing the Giants ,12399,382,6.7,0
242,25517500,W. ,40941,320,6.4,0
47,795126,Saint Ralph ,4976,52,7.6,989
29,20773070,God's Not Dead 2 ,4501,102,3.4,0
,227241,Guiana 1838 ,56,2,7.4,32
69,42700000,Sense and Sensibility ,78392,196,7.7,0
209,65948711,The Manchurian Candidate ,86422,363,6.6,0
54,16702864,Catch That Kid ,8023,49,5.2,591
41,9694105,Dudley Do-Right ,8176,77,3.8,272
205,613556,The Assassin ,9427,87,6.4,0
70,85884815,Alvin and the Chipmunks: The Road Chip ,9418,53,5,0
90,4280577,Goal! The Dream Begins ,50919,114,6.8,0
209,56068547,The Curse of the Were-Rabbit ,98160,307,7.5,0
57,49797148,Major League ,49007,97,7.2,0
56,6755271,The Forsaken ,7319,131,5.3,327
196,8279017,Shadow of the Vampire ,34191,339,6.9,0
155,60786269,Coyote Ugly ,90539,379,5.6,0
4,3330,Mi America ,22,1,7.2,305
2,800000,Sphinx ,892,21,5.2,106
35,52850,Finishing the Game: The Search for a New Bruce Lee ,1656,12,6.2,155
125,71017784,The Smurfs 2 ,27257,59,5.4,0
89,22913677,Ella Enchanted ,47800,244,6.3,0
73,6173485,Nowhere in Africa ,10672,84,7.7,802
38,860002,Duma ,6454,43,7.3,0
64,4250320,Young Sherlock Holmes ,14870,86,6.8,0
102,49369900,A Nightmare on Elm Street 4: The Dream Master ,36108,260,5.7,0
100,10762178,Winged Migration ,10369,153,8,1000
98,43905746,The One ,77684,294,5.9,0
97,2062066,Auto Focus ,11387,147,6.6,357
74,84049211,Cliffhanger ,96096,172,6.4,0
160,11634362,Girl with a Pearl Earring ,60171,296,7,0
79,32940507,Mercury Rising ,54316,127,6.1,0
117,66002004,Herbie Fully Loaded ,36431,168,4.7,1000
163,16640210,Bringing Out the Dead ,53028,382,6.8,0
33,1310270,Saints and Soldiers ,17725,157,6.8,1000
7,8880705,The Inkwell ,1103,11,6.5,160
64,23209440,One True Thing ,9283,112,7,592
163,8460995,MacGruber ,35888,125,5.5,0
218,12555230,Silent House ,18566,154,5.3,0
87,5516708,Say It Isn't So ,11375,91,4.9,295
217,10880926,Dead Man Down ,54147,127,6.5,0
12,58936,Down and Out with the Dolls ,91,4,6.1,27
47,50024083,Under Siege 2: Dark Territory ,35918,126,5.4,1000
131,2060953,Ravenous ,29990,316,7.1,0
232,5480996,A Scanner Darkly ,89383,293,7.1,0
62,5725,Anatomy ,10220,110,6.1,560
140,66365290,Bowfinger ,56874,358,6.4,0
92,263365,The Tempest ,6147,36,5.4,0
66,40557,The FP ,1389,22,5.6,0
149,6940281,Sexy Beast ,43135,346,7.3,0
64,673780,The Circle ,4555,26,7.5,697
15,1207007,Namastey London ,13577,47,7.3,341
241,32721635,The Last House on the Left ,67824,279,6.6,0
100,23106,Dear Wendy ,9003,58,6.6,532
155,34507079,Hot Pursuit ,34948,118,5.1,0
81,136007,Clean ,3924,39,6.9,171
39,20400913,The Glimmer Man ,15455,80,5.3,451
190,3148482,Two Lovers ,29613,98,7.1,0
12,247740,Sex with Strangers ,285,8,4.7,51
71,9950,Pandora's Box ,7431,84,8,926
18,25047631,The Wood ,6585,50,6.9,990
104,453079,The Extra Man ,4124,29,5.9,916
210,31670931,The Soloist ,44099,143,6.7,0
38,25571351,Jonah: A VeggieTales Movie ,3135,78,6.6,184
159,22757819,The Gallows ,13521,150,4.2,0
227,72515360,The Interpreter ,86152,411,6.4,0
38,13555988,The Little Vampire ,7242,38,5.7,0
156,42194060,Planet 51 ,41259,72,6.1,0
130,1705139,Lady in White ,4695,69,6.7,0
131,26536120,Basic ,49926,286,6.5,0
18,5974653,Megiddo: The Omega Code 2 ,2253,111,4.1,158
58,6739141,Fortress ,23383,68,5.9,1000
52,3713002,The Real Cancun ,3611,62,2.7,131
27,46451,Ca$h ,7663,38,6,694
158,19294901,Cursed ,26126,325,5,0
139,48006503,Nim's Island ,28109,110,6,0
73,44087387,The Sisterhood of the Traveling Pants 2 ,22304,33,6.2,894
112,5900000,Highlander ,98629,316,7.2,0
16,7680,Dreaming of Joseph Lees ,704,18,6.4,100
52,13973532,Stealing Harvard ,11211,92,5.1,215
117,6047856,The Way of the Gun ,27536,327,6.7,1000
63,30324946,A Night at the Roxbury ,48458,239,6.2,0
90,58800000,Chariots of Fire ,40511,213,7.2,0
45,10572742,Not Easily Broken ,2326,21,6.1,738
144,17768000,Halloween 4: The Return of Michael Myers ,29629,374,5.9,0
68,11227940,Chill Factor ,8367,94,5.2,120
8,25918,Fabled ,191,10,5.8,7
27,47111,The Motel ,1227,11,6.8,62
94,24788807,Waking Ned Devine ,21245,213,7.4,0
121,64238770,The Nut Job ,19547,64,5.8,0
50,9795017,Jade ,9227,70,5.1,422
135,25926543,Shutter ,26609,148,5.2,0
29,1652472,When the Cat's Away ,2843,25,6.9,166
76,6768055,Thunderbirds ,11148,229,4.2,437
28,19421271,Doug's 1st Movie ,2448,18,5,122
148,37036404,Keeping the Faith ,44816,259,6.4,0
83,6114237,Impostor ,19986,207,6.2,892
85,11576087,Wing Commander ,14747,338,4.1,858
72,70450000,Broken Arrow ,77390,189,6,0
117,31136950,Charlie St. Cloud ,47364,75,6.5,0
221,66466372,The Final Destination ,75345,290,5.2,0
2,1000000,Caravans ,524,8,6.5,76
25,13640000,Crooklyn ,6011,39,6.9,905
57,183088,The Lucky Ones ,11704,36,7,702
65,12189514,Chasing Liberty ,30092,129,6.1,0
100,1530535,Trust the Man ,7833,63,5.7,215
161,20801344,The Hills Have Eyes II ,49721,211,5.1,0
76,510092,Bully ,29424,336,7,0
151,47592825,The Rundown ,82731,255,6.7,0
84,16964743,Win a Date with Tad Hamilton! ,22844,140,5.6,876
32,13571817,Juwanna Mann ,5312,40,4.5,939
18,1277257,Walking and Talking ,2629,32,6.8,227
114,18378,Donkey Punch ,9376,74,5.2,0
61,19959,The Good Heart ,3579,14,6.9,0
192,10814185,Extract ,37530,106,6.2,0
35,50628009,Mighty Joe Young ,22955,88,5.6,0
56,6387,Special ,4862,37,6.9,0
31,1292527,Kansas City ,3536,44,6.3,228
85,47887943,The Jungle Book 2 ,11634,58,5.4,227
65,4554569,Mumford ,8134,123,6.9,209
205,19673424,Nine ,37446,232,5.8,0
79,32940507,Mercury Rising ,54314,127,6.1,0
31,399793,The Loss of Sexual Innocence ,2877,70,5.4,111
10,444044,Brotherly Love ,744,19,7.2,1000
76,4542775,Miss March ,18313,73,5.1,985
127,23020488,Bulletproof Monk ,42324,180,5.5,846
52,21564616,Baggage Claim ,7098,41,5,0
125,20113965,Big Miracle ,15231,66,6.5,0
158,7916887,Miracle at St. Anna ,15697,182,6,0
60,68750000,Executive Decision ,40858,144,6.4,0
49,10017041,Next Day Air ,8265,20,5.9,545
1,3830,The Knife of Don Juan ,27,1,7.2,75
121,1506998,Married Life ,8014,50,6.3,314
66,4411102,The Adventures of Pluto Nash ,20295,164,3.8,416
47,15911333,Thomas and the Magic Railroad ,2855,119,3.6,663
73,15171475,Thinner ,19805,122,5.7,0
74,29302097,Confessions of a Teenage Drama Queen ,23408,105,4.6,810
94,876671,The Hunting Party ,22010,90,6.9,0
62,28870,The Son of No One ,14280,41,5.1,0
184,19316646,Runner Runner ,52069,95,5.6,0
166,31487293,Nick and Norah's Infinite Playlist ,74887,129,6.7,0
36,2808000,The Broadway Melody ,4546,71,6.3,167
121,2426851,You Kill Me ,16224,76,6.5,830
85,17757087,The Rage: Carrie 2 ,13065,253,4.6,897
88,548712,All the Real Girls ,9233,126,6.9,571
81,10166502,The Great Raid ,18209,183,6.7,0
67,313436,Elling ,12244,95,7.6,0
28,1064277,The Oogieloves in the Big Balloon Adventure ,14015,83,6.7,831
191,54132596,TMNT ,53786,211,6.3,0
13,16066,Fascination ,1207,44,3.3,40
47,23807,Lake of Fire ,2143,29,8.3,570
151,32553210,Mr. Bean's Holiday ,88714,235,6.3,0
29,79817937,The Golden Child ,39798,69,5.9,0
140,74205,Manderlay ,18646,81,7.4,1000
75,43984230,The Last Emperor ,70274,133,7.8,0
27,41252428,The Mirror Has Two Faces ,11453,71,6.5,0
93,15519841,Happily N'Ever After ,8693,71,4.5,261
23,532190,Prefontaine ,5673,37,6.8,0
234,63536011,Hope Springs ,34258,178,6.3,0
36,13391174,One Night with the King ,5796,177,6.3,0
121,4581222,Touching the Void ,26926,156,8.1,0
157,8243880,The Cooler ,28714,215,7,762
108,2506446,Full Frontal ,8662,172,4.7,134
17,126247,Police Academy: Mission to Moscow ,24958,103,3.3,321
102,69102910,Lost in Space ,58402,370,5.1,0
97,10149779,Bats ,8294,160,3.6,342
171,18317151,Walk Hard: The Dewey Cox Story ,55630,200,6.7,0
6,29233,Time to Choose ,75,2,7,121
100,18488314,Super Troopers ,76151,333,7.1,0
74,16323969,The Whole Ten Yards ,45775,112,5.5,462
36,117560,Come Early Morning ,2330,29,6.2,224
97,56129,Beyond the Black Rainbow ,6555,82,6.1,0
51,34700000,Dangerous Liaisons ,52846,143,7.7,0
190,23993605,Observe and Report ,52467,248,5.8,0
71,598645,Swept Away ,13145,215,3.6,725
195,122288,Centurion ,64777,201,6.4,0
101,15131330,Arthur and the Invisibles ,25843,64,6,941
123,33828318,Stuck on You ,44453,154,5.8,0
140,47000485,Killers ,72867,120,5.4,0
75,10696210,RoboCop 3 ,35018,180,3.9,716
111,43601508,Under the Tuscan Sun ,35718,317,6.7,0
72,395592,My Life Without Me ,21202,134,7.6,0
81,12549485,Idlewild ,4603,91,6.2,489
66,17580,The Missing Person ,1268,23,6.2,195
98,30920167,Joyful Noise ,6476,71,5.7,0
39,110000,Dinner Rush ,4359,73,7.3,495
133,197148,Code 46 ,18109,150,6.3,0
89,45542421,The Tigger Movie ,13319,53,6.3,347
33,2197331,Rang De Basanti ,70233,321,8.4,0
75,10431220,Universal Soldier: The Return ,24216,162,4.1,401
45,17518220,Home for the Holidays ,9105,76,6.6,0
228,17683670,Apollo 18 ,47227,323,5.2,0
39,68856263,Cool Runnings ,69733,97,6.9,0
20,2474000,Jefferson in Paris ,2427,27,5.7,127
58,6563357,Strange Wilderness ,18571,120,5.3,847
131,9664316,Rendition ,47203,197,6.8,0
16,2833383,Filly Brown ,910,11,5.7,0
38,15542,Good Dick ,6689,51,6.5,0
167,20819129,Paul Blart: Mall Cop ,84209,201,5.2,0
44,24048000,Virtuosity ,23579,88,5.5,0
38,6734844,9½ Weeks ,29591,118,5.9,0
60,5480318,Slums of Beverly Hills ,9427,79,6.6,462
197,9396487,Black Snake Moan ,52421,200,7,0
57,1400000,From a Whisper to a Scream ,1324,37,5.9,241
46,79900000,Coal Miner's Daughter ,12974,84,7.5,0
17,13134,The Slaughter Rule ,2004,32,6.1,183
150,2203641,Transsiberian ,42792,162,6.7,0
114,8373585,The Last Temptation of Christ ,39680,308,7.6,0
3,1111615,The R.M. ,651,34,6,44
76,25339117,Can't Hardly Wait ,37885,247,6.5,0
202,16264475,Elizabeth: The Golden Age ,54787,216,6.9,0
97,871527,Where the Truth Lies ,14982,128,6.5,507
71,5595428,Central Station ,28951,257,8,0
75,37721949,For Colored Girls ,6067,73,6,0
148,78900000,Star Trek II: The Wrath of Khan ,91414,359,7.7,0
211,20338609,A Prairie Home Companion ,19655,280,6.8,683
37,17292381,Max Keeble's Big Move ,5794,69,5.3,371
50,11278,The Amazing Catfish ,1229,2,7,407
66,80920948,Jimmy Neutron: Boy Genius ,23943,118,6,425
28,1954202,Crazy in Alabama ,5917,71,6.3,391
72,5018450,Woman on Top ,8546,86,5.3,859
132,30013346,Hollywood Homicide ,31293,254,5.3,648
133,65087,Redacted ,8824,108,6.2,559
88,12081447,Soul Men ,7794,25,6.5,866
43,16988996,The Country Bears ,3875,75,4,422
49,28972187,The New Guy ,28805,159,5.9,1000
115,8596914,Pollock ,23023,148,7,0
157,2086345,The Sea Inside ,64556,140,8.1,0
113,36073232,Walking with Dinosaurs 3D ,8913,66,5.2,0
70,18438149,A Thousand Words ,30842,93,5.9,0
89,29781453,Riding in Cars with Boys ,22447,210,6.4,0
173,38108,Timecrimes ,40878,124,7.2,0
37,15655665,Larry the Cable Guy: Health Inspector ,9104,112,3.1,110
90,7927,The Lady from Shanghai ,19236,175,7.7,0
138,37300107,The Roommate ,29147,115,4.8,0
85,30105968,Space Chimps ,8860,45,4.5,279
103,6201757,Topsy-Turvy ,10037,202,7.4,608
178,3478,Pontypool ,22212,142,6.7,0
111,37442180,Man of the Year ,28005,236,6.2,0
5,2592808,N-Secure ,548,15,3.5,588
78,22843047,Beloved ,6082,207,5.9,853
186,31199215,Leatherheads ,27664,120,6,472
20,5561,Blonde Ambition ,4995,34,3.9,160
64,238774,Driving Lessons ,9611,70,6.8,864
113,389804,Tiny Furniture ,11816,35,6.3,0
43,226792,High Heels and Low Lifes ,3080,44,6.2,117
116,37035515,28 Days ,34597,194,6,0
21,882290,The Blood of Heroes ,4792,43,6.5,999
16,30400000,Yentl ,9503,68,6.6,0
60,51317350,DragonHeart ,78343,139,6.4,0
15,16892,Ayurveda: Art of Being ,341,12,7.6,379
79,14500000,Tora! Tora! Tora! ,25019,159,7.5,0
108,60400856,The Wedding Planner ,61317,229,5.2,0
47,11703287,End of the Spear ,4360,148,7,1000
99,13038660,Angela's Ashes ,16995,163,7.3,0
102,5308553,Won't Back Down ,5147,37,6.4,0
53,5132222,Exotica ,14112,83,7.2,619
146,84037039,Atlantis: The Lost Empire ,72591,289,6.8,0
60,8108247,Bella ,9607,174,7.4,0
42,10763469,New York Stories ,13692,55,6.4,877
128,33860010,All About Steve ,33088,143,4.8,0
129,403649,Wild Grass ,3174,31,6.3,512
46,3420871,The Ultimate Gift ,14100,81,7.4,0
73,195888,Fateless ,5603,45,7.1,607
161,17986000,The Howling ,22773,195,6.6,0
193,47806295,The Skeleton Key ,87447,371,6.5,0
24,6462576,The Young Messiah ,1449,30,5.4,0
50,33451479,Fireproof ,17068,215,6.5,0
32,127144,The Wendell Baker Story ,5159,27,5.5,143
111,13920741,Hot Rod ,59900,149,6.7,0
40,60072596,Why Did I Get Married Too? ,7664,68,4.4,0
196,25472967,Dark Water ,44966,411,5.6,0
114,32368960,Bride of Chucky ,39768,292,5.3,0
156,25167270,Nurse Betty ,30119,263,6.3,455
62,28535768,The Out-of-Towners ,10446,105,5.3,279
27,32631,Sisters in Law ,291,8,7.5,50
156,63992328,Happy Feet 2 ,32399,79,5.9,0
100,14218868,Supernova ,14596,282,4.8,589
20,3773863,To Save a Life ,4583,55,7.1,0
212,30993544,Morning Glory ,58871,156,6.5,0
70,21520719,Just Wright ,10103,36,5.8,0
,79043,Water & Power ,85,,6.3,358
64,1666262,The White Countess ,5321,78,6.7,356
107,12282677,Hot Tub Time Machine 2 ,28159,96,5.1,0
94,2436,The Ghastly Love of Johnny X ,344,19,5.7,655
29,12996,The Specials ,1938,54,6,210
39,5430822,Split Second ,8391,75,6.2,0
167,66790248,Changing Lanes ,57281,350,6.5,0
42,60008303,Snow Day ,9285,91,4.9,0
25,4068087,The Visual Bible: The Gospel of John ,2164,74,7.7,0
4,129319,Dil Jo Bhi Kahey... ,257,4,5.1,9
133,89808372,"Legally Blonde 2: Red, White & Blonde ",46417,297,4.6,660
165,39263506,Lakeview Terrace ,40469,135,6.1,0
47,54606,Lucky Break ,1940,34,6.2,30
154,5739376,The Station Agent ,58260,286,7.7,0
177,55291815,Neighbors 2: Sorority Rising ,28041,111,6,0
125,74540762,Ladder 49 ,48753,323,6.5,0
19,1100000,Light Sleeper ,3665,39,6.8,247
73,8427204,Play It to the Bone ,10100,59,5.4,153
181,27758465,The Switch ,77987,120,6.1,0
92,30306281,The Banger Sisters ,12388,147,5.6,744
157,1641788,Spider ,30096,213,6.8,0
50,706622,Mozart's Sister ,1213,17,6.4,0
25,45500797,Medicine Man ,17443,56,6,694
18,13493,Broken Vessels ,531,19,6.6,51
41,1602466,Kites ,9673,106,6,0
27,9286314,Stone Cold ,4972,62,5.9,0
167,3300230,Ghost Dog: The Way of the Samurai ,70084,346,7.5,0
50,2000000,Roar ,1275,27,6.4,0
53,10198766,Sorority Boys ,12007,105,5.4,507
51,25967000,Howards End ,21254,86,7.5,788
80,2856622,In the Company of Men ,11550,197,7.3,489
141,26876529,One Missed Call ,26624,189,3.9,0
73,442638,The Hammer ,5489,23,7.3,337
105,220914,Fur: An Imaginary Portrait of Diane Arbus ,13239,97,6.5,0
78,94596,The Cure ,6318,50,7.4,817
90,12801190,Highlander: Endgame ,16340,355,4.6,356
22,244465,The Chambermaid on the Titanic ,1135,14,6.8,85
230,1984743,The Immigrant ,20616,70,6.6,0
60,42660000,Teenage Mutant Ninja Turtles III ,25086,87,4.8,1000
34,43490057,Soul Food ,5275,30,6.9,508
53,8104069,Code Name: The Cleaner ,9785,26,4.5,233
20,3275443,Kabhi Alvida Naa Kehna ,13998,264,6,659
59,2073984,Raising Victor Vargas ,4743,135,7.2,219
79,131617,Edmond ,9971,119,6.3,661
42,10443316,Home Fries ,7159,88,5,247
190,9172810,A Mighty Heart ,24150,118,6.7,923
63,76657000,The Muppet Movie ,25498,92,7.7,0
52,37566230,Good Boy! ,3407,48,5.1,309
63,12674183,Mr. Nice Guy ,19774,70,6.2,355
102,35007180,The Skulls ,26846,193,5.6,0
22,5000000,Darling Lili ,1547,50,6.2,104
112,181655,Lilya 4-Ever ,35464,206,7.9,0
112,30226144,The Great Debaters ,47626,118,7.6,0
23,3333823,Atlas Shrugged II: The Strike ,5612,122,5.5,0
5,252726,Love's Abiding Joy ,1289,18,7.2,76
93,69586544,Divine Secrets of the Ya-Ya Sisterhood ,15352,199,6,0
165,78845130,The Purge: Election Year ,17596,94,6.1,0
42,2961991,Basquiat ,15885,78,6.9,0
29,3130592,Maurice ,10755,69,7.8,963
128,47124400,Nanny McPhee ,49676,181,6.6,0
72,50129186,Breakdown ,38399,218,6.9,0
28,1877179,The Horseman on the Roof ,4885,25,7.1,262
112,46800000,The Spy Who Loved Me ,76477,275,7.1,0
232,15071514,The Invasion ,65037,273,5.9,0
78,1779284,The Dangerous Lives of Altar Boys ,12047,122,7.1,677
95,17951431,The Glass House ,25462,200,5.8,804
9,5100000,The Hotel New Hampshire ,6595,61,6,345
142,33244684,Child's Play ,62038,281,6.5,0
88,37911876,"Big Mommas: Like Father, Like Son ",19671,47,4.4,0
99,15561627,Life as a House ,39105,359,7.5,0
62,6643,The Brass Teapot ,11965,39,6.4,0
87,1677838,Who Killed the Electric Car? ,11283,155,7.7,0
88,11883495,Sliding Doors ,52805,278,6.8,0
143,169719,Escape from Tomorrow ,7384,79,5.2,0
40,7017178,Black Nativity ,1633,17,4.4,0
93,3049135,Heavenly Creatures ,50197,265,7.4,0
114,5032496,Celebrity ,20576,161,6.3,652
161,17281832,Inkheart ,60232,110,6.1,0
29,7888703,Teen Wolf Too ,8465,65,3.2,491
52,26400000,A Passage to India ,12980,89,7.4,845
194,2957978,Man on Wire ,40481,134,7.8,0
56,6719300,Smoke Signals ,8224,132,7.2,0
3,2245,The Harvest/La Cosecha ,57,2,7.2,88
86,15331289,The Greatest Game Ever Played ,22289,106,7.5,0
128,27796042,The Majestic ,45031,376,6.9,0
2,96734,Hardflip ,606,5,5.6,706
31,5654777,Underclassman ,4875,26,4.1,206
81,50189179,The Tuxedo ,61966,207,5.3,797
20,82739,Blood Done Sign My Name ,465,3,6.7,503
59,4002955,Idle Hands ,33745,198,6.2,0
73,228524,Imaginary Heroes ,8708,56,7.3,345
64,20035310,Down to You ,12324,173,4.9,580
66,35990505,What a Girl Wants ,48095,194,5.8,0
68,13269963,Lone Star ,23202,173,7.6,0
125,19097994,Race ,11744,49,7.1,0
35,2694071,Bobby Jones: Stroke of Genius ,3222,64,6.7,352
103,236266,Gerry ,15104,290,6.2,0
38,594904,Blue Like Jazz ,2582,89,6,0
12,830210,Atlas Shrugged: Who Is John Galt? ,1900,56,4.4,0
190,20207003,Appaloosa ,50198,202,6.8,0
91,43575716,Cats & Dogs: The Revenge of Kitty Galore ,10233,63,4.3,0
18,71904,Eye of the Dolphin ,806,18,5.7,140
149,119922,City of Life and Death ,8429,62,7.7,0
32,24276500,Hoffa ,17124,68,6.6,949
120,43800000,Diamonds Are Forever ,74249,276,6.7,0
31,454255,The Legend of Suriyothai ,1666,47,6.6,124
13,5199,Fighting Tommy Riley ,720,23,6.6,30
17,3273588,Only the Strong ,4195,50,6.7,0
82,14469428,Welcome to Mooseport ,10667,95,5.2,260
30,7434726,Harley Davidson and the Marlboro Man ,14473,81,6,0
203,14564027,Hellraiser ,76407,335,7,0
44,1055654,Peaceful Warrior ,20426,175,7.3,0
82,50802661,The Road to El Dorado ,58300,139,6.9,0
47,38590500,On Deadly Ground ,17997,140,4.4,812
111,3193102,The Limey ,24412,240,7.1,944
133,532988,Freeheld ,5863,25,6.5,0
34,12667,London ,19336,90,6.6,0
227,14998070,Lions for Lambs ,41170,298,6.2,0
52,1425993,I Hope They Serve Beer in Hell ,7412,72,5.3,0
36,25900000,The Cotton Club ,12771,84,6.5,828
16,15593,Molly ,2295,40,5.8,284
16,9016377,Trippin' ,1004,8,5.2,143
73,49186871,Racing Stripes ,12570,86,5.2,771
68,25240988,Katy Perry: Part of Me ,12383,50,5.9,0
69,2353728,Bon voyage ,4293,53,6.9,235
40,6706368,Roger & Me ,22800,133,7.5,667
47,4741987,A Walk on the Moon ,6782,114,6.6,860
37,12701880,The Pirates Who Don't Do Anything: A VeggieTales Movie ,2037,22,5.7,175
124,7837632,The Ice Storm ,46396,287,7.5,0
58,15361537,Half Past Dead ,12263,132,4.6,564
126,11854694,Extraordinary Measures ,14281,64,6.5,0
74,186354,Stonewall ,1758,30,4.5,0
150,18663911,Becoming Jane ,46204,151,7.1,0
119,22466994,War ,72673,166,6.3,0
79,54000000,The Verdict ,26310,154,7.8,0
65,4734235,Duets ,8217,123,6,573
21,277233,Smiling Fish & Goat on Fire ,2631,26,7.6,0
96,43532294,We Are Marshall ,46951,175,7.1,0
65,29106737,The Object of My Affection ,15582,132,6,849
45,20218,Double Take ,5431,50,5.3,204
76,50007168,Absolute Power ,39529,142,6.7,1000
81,12693621,They ,10885,271,4.8,814
155,18324242,North Country ,32815,214,7.3,0
104,10569071,Deconstructing Harry ,35586,131,7.4,0
124,49474048,Old Dogs ,31191,120,5.4,0
75,5844929,Real Women Have Curves ,6000,109,7,595
52,27457409,The Brothers ,3198,43,6.3,478
245,25450527,The International ,80196,190,6.5,0
20,475000,Beer League ,6930,53,6,323
120,23838,The Last Days on Mars ,28570,160,5.5,0
63,63071133,Beavis and Butt-Head Do America ,42892,154,6.8,0
161,25277561,Top Five ,21672,93,6.5,0
56,1521,Eddie: The Sleepwalking Cannibal ,1231,10,5.7,932
49,2331318,Bucky Larson: Born to Be a Star ,9541,64,3.3,0
10,2468,Locker 13 ,241,5,4.8,261
66,4992159,Club Dread ,23823,201,5.6,713
24,13751,Opal Dream ,813,6,6.6,135
47,20550712,Chain Reaction ,40346,95,5.6,1000
164,21133087,Stir of Echoes ,62468,374,7,0
111,14174654,Disaster Movie ,74945,359,1.9,0
48,1227324,The Funeral ,6921,48,6.6,344
176,70224196,Fool's Gold ,59352,138,5.6,0
54,4426297,Beyond Borders ,22570,156,6.5,0
82,200803,Tim and Eric's Billion Dollar Movie ,7988,71,5.3,0
92,27338033,Someone Like You... ,19709,167,6.1,0
63,560512,Indignation ,550,3,7.8,599
85,5532301,Kundun ,21606,117,7,0
137,15818967,Devil's Due ,13913,120,4,0
98,45207112,Domestic Disturbance ,21283,190,5.5,361
91,16101109,Waiting... ,76467,236,6.8,0
75,55762229,The Animal ,47383,132,4.8,1000
248,2221809,Rabbit Hole ,40618,144,7,0
143,8047690,The Painted Veil ,77656,220,7.5,0
23,4006906,King's Ransom ,3229,20,4.1,83
117,30063805,Dragonfly ,31788,243,6.1,0
160,1984378,Shortbus ,27346,206,6.5,0
46,63231524,Madea's Family Reunion ,8962,137,5,676
91,25677801,You Again ,41273,136,5.8,0
45,84689,51 Birch Street ,695,16,7.5,70
188,10991381,The Young Victoria ,44931,100,7.3,0
159,22201636,Hustle & Flow ,33567,206,7.4,0
123,653621,Inside Deep Throat ,5615,64,6.8,592
105,32122249,Analyze That ,69319,138,5.9,846
136,35400000,Live and Let Die ,74957,251,6.8,0
80,145109,Flame and Citron ,14247,44,7.3,0
235,36200000,Friday the 13th Part III ,31952,372,5.7,0
31,287761,Antarctica: A Year on Ice ,2482,16,7.6,0
169,1829142,The Wind That Shakes the Barley ,36846,222,7.5,0
30,4958,Gangster's Paradise: Jerusalema ,9689,23,7.8,1000
98,20668843,Mad Money ,16831,54,5.8,687
6,1000000,March or Die ,2215,26,6.3,122
189,856942,Wendy and Lucy ,12241,112,7.1,0
175,33631221,The Gambler ,48559,145,6,0
97,6373693,Post Grad ,11498,53,5.3,0
246,488872,Shaolin Soccer ,56923,243,7.3,0
67,20627372,Boys and Girls ,13661,134,5.3,487
19,27979400,Loaded Weapon 1 ,37611,72,6.1,0
94,84185387,Scooby-Doo 2: Monsters Unleashed ,33180,149,4.9,567
12,306715,Chairman of the Board ,5143,62,2.3,724
157,13838130,Cirque du Freak: The Vampire's Assistant ,35990,157,5.9,0
53,50728000,The Net ,48909,166,5.8,0
106,128978,The Warlords ,22897,61,7.1,0
33,6491350,Teacher's Pet ,1231,26,5.8,49
117,28328132,After the Sunset ,38298,147,6.3,782
78,18843314,The Marine ,27486,284,4.7,0
77,44175394,Amistad ,56509,227,7.2,0
77,10561238,Drop Dead Gorgeous ,27265,321,6.5,0
223,3247816,You Will Meet a Tall Dark Stranger ,36145,108,6.3,0
70,2047570,Beyond the Mat ,6790,80,7.6,491
37,27362712,Brown Sugar ,5971,60,6.5,0
46,1997807,Limbo ,5158,140,7.1,196
18,5858,Top Spin ,260,2,7.1,116
56,16800000,Oliver! ,25303,138,7.5,0
52,37295394,Jumping the Broom ,7973,59,5.7,0
111,28014536,Grosse Pointe Blank ,73347,296,7.4,0
78,29500000,Twilight Zone: The Movie ,25613,121,6.5,0
107,51758599,Exit Wounds ,27580,232,5.5,742
91,75074950,Barbershop ,22147,156,6.3,770
43,46700000,Firefox ,19832,98,5.9,0
73,12495865,Cirque du Soleil: Worlds Away ,7100,35,6.8,0
61,9054736,Ulee's Gold ,5744,57,7.1,381
88,22168359,A Nightmare on Elm Street 5: The Dream Child ,29659,227,5.1,1000
47,17305211,Extreme Measures ,14066,75,6.1,352
125,6998324,Our Brand Is Crisis ,11476,50,6.1,0
101,10230,Trash ,14437,26,7.2,0
19,22723,All the Queen's Men ,2236,40,4.5,193
111,22927390,Love Happens ,25344,77,5.6,0
67,6239558,Mambo Italiano ,5548,67,6.7,352
16,15278,Time Changer ,1742,158,5.6,409
115,4584886,Love in the Time of Cholera ,19114,115,6.4,0
32,20400000,Duel in the Sun ,6304,87,6.9,403
11,1001437,Ruby in Paradise ,2039,28,7.2,81
135,64459316,Flushed Away ,85086,122,6.7,0
83,63826569,In & Out ,32416,138,6.3,0
106,67900000,Octopussy ,74374,225,6.6,0
161,6301131,The Jacket ,92850,263,7.1,0
56,16115878,The Prophecy ,24438,194,6.6,0
99,27067160,The Story of Us ,18404,150,5.9,0
69,40118420,Blue Crush ,26066,216,5.6,0
16,12514138,Love Jones ,2801,28,7.4,1000
99,2199853,But I'm a Cheerleader ,19986,186,6.6,0
149,6670712,City Island ,27301,101,7.4,0
172,31397498,The Eye ,44130,156,5.4,0
42,4693919,College ,11011,78,4.6,422
39,3050934,Songcatcher ,2794,78,7.3,0
95,819852,Felicia's Journey ,6690,83,7,284
16,399611,The 5th Quarter ,1245,29,5.7,0
107,10654581,The Astronaut's Wife ,45497,260,5.3,1000
37,10300000,White Squall ,17859,89,6.6,911
69,29753944,Wild Things ,90677,389,6.5,0
54,763044,The Statement ,4257,52,6.2,188
164,33472850,Semi-Pro ,67005,119,5.8,0
229,3073392,Blindness ,59462,300,6.6,0
43,5669081,For Greater Glory: The True Story of Cristiada ,3665,57,6.6,0
92,199652,Blackthorn ,7390,40,6.6,0
74,49526,The Chumscrubber ,16299,129,7,1000
111,542860,Winter in Wartime ,9230,37,7.1,0
47,190562,The Nutcracker in 3D ,2508,24,4.4,788
14,10443,Shanghai Calling ,1255,9,6.3,660
18,379643,The Last Sin Eater ,1573,29,5.9,285
40,25482931,All About the Benjamins ,9693,33,5.7,530
73,20422207,Little Black Book ,15052,116,5.2,484
5,39552600,Benji ,3411,36,6.1,816
238,31051126,The Pirates! Band of Misfits ,36877,101,6.7,0
10,2859955,Home Run ,2417,32,6,0
80,1094998,Brick Lane ,2560,29,6.7,430
206,25040293,The Forbidden Kingdom ,88049,279,6.6,0
86,21176322,Torque ,23747,207,4,0
135,13101142,Playing for Keeps ,23916,50,5.7,0
168,30212620,How Do You Know ,35066,196,5.3,0
12,12836,The Last Time I Committed Suicide ,1686,28,5.8,161
28,16118077,"Bright Lights, Big City ",5817,37,5.6,377
72,333976,Welcome to Collinwood ,12559,90,6.4,423
22,14545844,School Daze ,4756,38,5.8,624
100,1292119,Iris ,14786,144,7.1,0
98,49413,Exiled ,6919,26,7.3,528
145,31704416,Stealth ,45455,388,5,0
62,11900000,In Dreams ,11003,148,5.5,654
41,398420,Brooklyn Rules ,5049,48,6.4,226
138,1796024,Stone ,34985,135,5.4,0
18,3562749,Cats Don't Dance ,5600,49,6.9,643
74,5409517,Monkeybone ,14280,171,4.7,683
81,15408822,A Guy Thing ,14147,92,5.6,401
93,25584685,Nancy Drew ,15877,102,5.9,590
129,60507228,Fantasia 2000 ,27543,186,7.3,607
77,10134754,Hoodwinked Too! Hood vs. Evil ,9682,38,4.8,0
38,6482195,Switchback ,9740,81,6.4,389
128,3076425,8 Women ,23660,162,7.1,0
155,2711210,Everything Must Go ,40305,86,6.4,0
21,2315683,Shanghai Surprise ,4081,28,3,154
140,54734,Regression ,20821,62,5.7,0
45,81200000,Police Academy ,87739,133,6.7,0
14,92362,The Salon ,444,5,4.3,68
72,36310118,Beauty Shop ,13194,59,5.5,671
121,16699684,New in Town ,17461,78,5.6,0
75,25809813,That Thing You Do! ,50311,212,6.9,0
9,4239767,Men with Brooms ,3709,83,6,0
129,4881867,Hamlet 2 ,15200,76,6.4,1000
74,6165429,Rabbit-Proof Fence ,23486,249,7.5,0
215,18469,Stake Land ,34263,141,6.5,0
84,66941559,102 Dalmatians ,26413,77,4.8,372
66,50000000,Fiddler on the Roof ,29839,150,8,0
208,2428883,The Homesman ,21370,132,6.6,0
46,925402,Children of Heaven ,27882,130,8.5,0
97,12550242,I Think I Love My Wife ,13866,55,5.5,488
129,71026631,John Q ,98899,394,7,0
78,9652000,Duplex ,46205,147,5.8,0
130,638476,The Greatest Movie Ever Sold ,13223,45,6.6,0
93,37486138,Raising Helen ,30890,106,6,718
53,13019253,The Crew ,3914,47,5.6,153
62,54800000,Ordinary People ,35130,283,7.8,0
73,14208384,Alex & Emma ,11520,105,5.6,625
16,1391770,Saving Private Perez ,1592,14,6,0
99,4234040,Flash of Genius ,14301,45,7,0
36,20915465,Super Mario Bros. ,38203,290,4,0
49,26000610,The Adventures of Rocky & Bullwinkle ,16611,197,4.1,413
36,836641,Illuminata ,1402,40,6.2,74
13,58163,The Young Unknowns ,122,3,4.2,4
47,83287363,Patriot Games ,81442,137,6.9,0
92,14294842,Ballistic: Ecks vs. Sever ,16761,277,3.6,391
13,14587732,Flight of the Intruder ,4795,39,5.7,452
68,27441122,Love & Basketball ,14322,116,7.2,0
96,72077000,Get Shorty ,62986,150,6.9,0
22,16671505,Baby's Day Out ,33186,78,5.9,0
112,7659747,The Order ,14962,204,5.1,704
62,69148997,White Chicks ,98794,251,5.4,0
65,58918501,Courage Under Fire ,40126,107,6.6,975
60,18252684,Simon Birch ,18366,219,6.9,0
104,3169424,Resurrecting the Champ ,18442,59,6.8,689
20,39852,Just Looking ,1238,25,6.7,117
122,2277396,Adam ,29239,70,7.2,0
92,65703412,Ever After: A Cinderella Story ,57958,345,7,0
259,3571735,The Runaways ,39260,129,6.6,0
22,76382,Breaking Upwards ,1194,8,6.2,324
74,8888143,"Mystery, Alaska ",22250,123,6.7,913
4,425899,I Want Your Money ,1123,31,5.1,638
138,4717455,In the Cut ,18632,354,5.3,656
201,15797907,The Kite Runner ,68119,230,7.6,0
40,14942422,Kiss of Death ,14226,60,5.9,555
56,32000000,The Age of Innocence ,36267,150,7.2,0
107,14793904,"I Love You, Beth Cooper ",28209,80,5.3,0
218,35565975,Larry Crowne ,49205,184,6.1,0
127,7221458,All the King's Men ,20740,178,6.2,0
110,102055,Ong-bak 2 ,24570,72,6.2,0
22,9821335,3 Strikes ,1415,10,4,118
125,30695227,The Legend of Bagger Vance ,45296,267,6.7,0
114,20241395,Vampires ,42664,403,6.1,0
29,12200000,Lone Wolf McQuade ,7973,65,6.3,0
137,13876974,Monsoon Wedding ,19397,214,7.4,0
15,638951,Journey from the Fall ,775,19,7.4,100
31,14821531,Eve's Bayou ,6915,209,7.3,599
50,8735529,Whatever It Takes ,8055,89,5.5,816
94,15681020,Superman IV: The Quest for Peace ,33570,259,3.6,1000
4,49000,Chocolate: Deep Dark Secrets ,1524,30,4.8,31
95,17000000,Kingdom of the Spiders ,3274,84,5.9,0
88,3117666,Wordplay ,3394,43,7.4,694
85,52799004,Message in a Bottle ,28942,223,6.1,0
15,565592,"Dancer, Texas Pop. 81 ",2189,63,6.8,500
76,8054280,Connie and Carla ,6838,117,6.3,924
56,40363530,The Master of Disguise ,18254,307,3.3,1000
90,5932060,The Last Legion ,29285,174,5.4,0
65,129115,Kung Fu Killer ,5900,26,6.5,0
169,9013113,Transamerica ,36321,230,7.4,0
87,58336565,Curious George ,12845,118,6.6,624
135,2775593,How to Lose Friends & Alienate People ,61269,98,6.5,0
42,4193025,Detroit Rock City ,30682,194,6.8,0
159,2926565,Choke ,28573,72,6.5,0
74,52277485,Radio ,32370,196,6.9,0
32,7000000,Raise the Titanic ,2933,70,4.7,328
39,196067,The Heart of Me ,1966,25,6.7,97
43,1066555,September Dawn ,2618,111,5.8,411
14,105943,Road Hard ,1351,11,6.1,212
106,1569918,Veronica Guerin ,16234,113,6.9,0
77,770629,The Wailing ,2379,24,7.7,0
233,17427926,The Ruins ,60062,351,5.9,0
33,13684949,Hey Arnold! The Movie ,4564,43,5.9,227
174,21283440,Dream House ,46239,137,6,0
184,47852604,Premonition ,62364,337,5.9,0
49,3278611,Rize ,2877,46,7.1,903
104,13208023,Feardotcom ,17309,388,3.3,612
112,8662318,My Life in Ruins ,15033,75,5.9,0
67,23091,Good ,5664,42,6.2,921
82,72000000,My Fair Lady ,66959,258,7.9,0
263,3707794,Midnight Special ,31359,156,6.7,0
45,4600000,River's Edge ,11763,111,7.1,0
129,57262492,The Whole Nine Yards ,90374,318,6.7,0
109,34604054,Cradle 2 the Grave ,34942,185,5.8,1000
114,21009180,Flight of the Phoenix ,45815,222,6.1,1000
30,74787599,The Prince of Tides ,12549,109,6.6,883
122,75817994,The Haunted Mansion ,32049,179,4.9,988
143,10911750,Stop-Loss ,17757,99,6.5,982
210,13214030,Ghost Town ,60516,147,6.7,0
231,18860403,Shark Night 3D ,20823,130,4,0
113,12232937,12 Rounds ,22823,113,5.6,0
121,29062561,The Stepfather ,23424,119,5.6,0
97,24268828,The Spy Next Door ,29971,71,5.4,0
42,175370,Breakfast of Champions ,6884,133,4.6,458
83,57011847,Escape from Planet Earth ,20615,44,5.9,0
72,14946229,The Infiltrator ,2581,29,7.3,0
93,1712111,The Vatican Tapes ,7199,53,4.5,0
87,513836,The Names of Love ,6304,21,7.2,0
45,100669,Saint John of Las Vegas ,2522,11,5.8,407
72,10719367,Abandon ,7909,157,4.9,261
31,119841,Stolen Summer ,2419,55,6.5,304
49,44455658,Nothing to Lose ,36253,92,6.7,0
133,74058698,Along Came a Spider ,59232,317,6.3,0
120,10725228,Glengarry Glen Ross ,75675,365,7.8,0
38,3386698,Next Stop Wonderland ,4195,86,6.7,392
21,1953732,The Clan of the Cave Bear ,4996,62,5.3,843
93,7739049,Being Julia ,10680,112,7.1,562
14,2807854,Return to the Blue Lagoon ,14129,39,5.1,967
44,11634458,The Adventures of Elmo in Grouchland ,2045,37,5.8,339
70,3500000,The Wraith ,10082,100,5.9,0
46,33200000,Silverado ,28247,149,7.2,0
36,10246600,The Brothers McMullen ,6375,36,6.6,265
50,20380,The Good Night ,7519,39,5.9,445
87,7262288,Big Trouble ,17307,186,6.5,892
43,92900,Motherhood ,3662,23,4.7,546
107,10654581,The Astronaut's Wife ,45500,260,5.3,1000
63,11560259,Get Over It ,15617,180,5.8,0
78,352786,Copying Beethoven ,11132,86,6.8,0
61,18318000,Babe: Pig in the City ,24868,216,5.8,964
159,5851188,Basic Instinct 2 ,31124,313,4.2,764
40,68208190,Blue Streak ,60572,144,6.3,0
87,39442871,Little Nicky ,80639,237,5.3,0
18,54215416,La Bamba ,21409,63,6.8,0
95,14378353,Snow Falling on Cedars ,12375,194,6.8,846
58,40066497,You Got Served ,23671,247,3.5,0
17,334041,Hurricane Streets ,1038,21,6.5,51
108,4291965,Catch a Fire ,9334,59,6.7,447
73,17655201,Kit Kittredge: An American Girl ,4719,24,6.7,851
188,24004159,Around the World in 80 Days ,68722,191,5.8,0
25,11797927,Tales from the Hood ,4582,52,6.1,985
67,10076136,Knock Off ,11512,141,4.8,471
105,515005,A Hard Day's Night ,31429,219,7.7,0
75,399879,Jindabyne ,5772,115,6.4,302
23,19348,The Open Road ,2941,11,5.5,370
